Date,Price,Delta,%_Delta,Mkt_State
2012-10-30,10.85,-0.1,2.6728110599078425,1
2012-10-31,11.14,0.29,1.2477558348294375,1
2012-11-01,11.279,0.139,-0.6118450217217879,0
2012-11-02,11.20999,-0.06901,-5.432832678708895,0
2012-11-03,10.60097,-0.60902,0.7454978176525308,1
2012-11-04,10.68,0.079029999999999,2.0599250936329647,1
2012-11-05,10.9,0.22,-0.09201834862385713,0
2012-11-06,10.88997,-0.01003,2.9941312969640874,1
2012-11-07,11.21603,0.32606,-1.0532247149838287,0
2012-11-08,11.0979,-0.11813,-0.2513989133079135,0
2012-11-09,11.07,-0.027899999999999,-1.0028003613369492,0
2012-11-10,10.95899,-0.11101,-0.18240732038262605,0
2012-11-11,10.939,-0.01999,2.203126428375534,1
2012-11-12,11.18,0.241,-0.4561717352415041,0
2012-11-13,11.129,-0.051,-0.7098571300206564,0
2012-11-14,11.05,-0.078999999999999,0.5791855203619914,1
2012-11-15,11.114,0.064,6.172395177253913,1
2012-11-16,11.8,0.686,0.0,0
2012-11-17,11.8,0.0,0.2711864406779663,1
2012-11-18,11.832,0.032,-0.2706220419202252,0
2012-11-19,11.79998,-0.032020000000001,0.33915311720867464,1
2012-11-20,11.84,0.04002,-0.4729729729729659,0
2012-11-21,11.784,-0.055999999999999,4.209097080787497,1
2012-11-22,12.28,0.496,1.2214983713355079,1
2012-11-23,12.43,0.15,-0.15446500402252342,0
2012-11-24,12.4108,-0.0192,1.5244786798594738,1
2012-11-25,12.6,0.1892,0.4087301587301648,1
2012-11-26,12.6515,0.051500000000001,-0.9604394735802132,0
2012-11-27,12.52999,-0.12151,-0.9806073269012898,0
2012-11-28,12.40712,-0.12287,1.546531346517156,1
2012-11-29,12.599,0.19188,0.40479403127232444,1
2012-11-30,12.65,0.051,0.29865612648221107,1
2012-12-01,12.68778,0.03778,-0.06131884380088827,0
2012-12-02,12.68,-0.0077800000000003,-0.0078075709779165964,0
2012-12-03,12.67901,-0.00098999999999982,2.269420088792417,1
2012-12-04,12.96675,0.28774,4.1124414367516975,1
2012-12-05,13.5,0.53325,1.3985185185185225,1
2012-12-06,13.6888,0.1888,-0.064286131728134,0
2012-12-07,13.68,-0.0088000000000008,-0.9502923976608114,0
2012-12-08,13.55,-0.13,-0.1476014760147701,0
2012-12-09,13.53,-0.020000000000001,0.14781966001479196,1
2012-12-10,13.55,0.020000000000001,0.6641328413284019,1
2012-12-11,13.63999,0.089989999999998,0.0,0
2012-12-12,13.63999,0.0,1.1722882494781917,1
2012-12-13,13.79989,0.1599,0.7340638222478597,1
2012-12-14,13.90119,0.1013,-0.9279061720615281,0
2012-12-15,13.7722,-0.12899,-0.7748943523910433,0
2012-12-16,13.66548,-0.10672,-1.2255698299657325,0
2012-12-17,13.498,-0.16748,-0.7334419914061358,0
2012-12-18,13.399,-0.099,0.0,0
2012-12-19,13.399,0.0,2.395701171729245,1
2012-12-20,13.72,0.321,-0.5284256559766748,0
2012-12-21,13.6475,-0.0725,-0.4214691335409433,0
2012-12-22,13.58998,-0.05752,-0.7690224709675895,0
2012-12-23,13.48547,-0.10451,-0.26302383231730236,0
2012-12-24,13.45,-0.03547,0.0,0
2012-12-25,13.45,0.0,-0.3799256505576203,0
2012-12-26,13.3989,-0.0511,0.5306405749725819,1
2012-12-27,13.47,0.071100000000001,1.335560504825538,1
2012-12-28,13.6499,0.1799,0.14725382603535073,1
2012-12-29,13.67,0.020099999999999,-0.731675201170451,0
2012-12-30,13.56998,-0.10002,0.1475315365240081,1
2012-12-31,13.59,0.020020000000001,-0.21339220014716642,0
2013-01-01,13.561,-0.029,-1.187228080525032,0
2013-01-02,13.4,-0.161,0.4776119402985079,1
2013-01-03,13.464,0.064,0.19206773618538153,1
2013-01-04,13.48986,0.02586,0.43099038833612696,1
2013-01-05,13.548,0.05814,-0.13293475051668366,0
2013-01-06,13.52999,-0.01801,0.03702885220166758,1
2013-01-07,13.535,0.0050100000000004,2.1795345400812702,1
2013-01-08,13.83,0.295,0.3613882863340542,1
2013-01-09,13.87998,0.04998,3.1701774786419037,1
2013-01-10,14.32,0.44002,-0.13973463687151516,0
2013-01-11,14.29999,-0.020010000000001,0.34965059416125965,1
2013-01-12,14.34999,0.050000000000001,-0.2452266517258901,0
2013-01-13,14.3148,-0.03519,-0.10338949898007138,0
2013-01-14,14.3,-0.014799999999999,1.2516783216783138,1
2013-01-15,14.47899,0.17899,1.450446474512383,1
2013-01-16,14.689,0.21001,4.772278575805028,1
2013-01-17,15.39,0.701,3.8661468486029813,1
2013-01-18,15.985,0.595,-0.8880825774163228,0
2013-01-19,15.84304,-0.14196,0.29640776012684644,1
2013-01-20,15.89,0.04696,6.859660163624921,1
2013-01-21,16.98,1.09,3.592461719670197,1
2013-01-22,17.59,0.61,-0.006253553155207443,0
2013-01-23,17.5889,-0.001100000000001,9.102843270471734,1
2013-01-24,19.18999,1.60109,-1.8509128978180829,0
2013-01-25,18.8348,-0.35519,-6.453692101854019,0
2013-01-26,17.61926,-1.21554,2.160873952708569,1
2013-01-27,17.99999,0.38073,2.500056944476074,1
2013-01-28,18.45,0.45001,7.317073170731716,1
2013-01-29,19.8,1.35,-0.5050505050505122,0
2013-01-30,19.7,-0.1,8.781725888324877,1
2013-01-31,21.43,1.73,-0.6066262249183342,0
2013-02-01,21.3,-0.13,-0.9389671361502314,0
2013-02-02,21.1,-0.2,-1.990521327014226,0
2013-02-03,20.68,-0.42,1.7891682785299854,1
2013-02-04,21.05,0.37,-1.2351543942992949,0
2013-02-05,20.79,-0.26,2.61616161616162,1
2013-02-06,21.3339,0.5439,3.8253671386853725,1
2013-02-07,22.15,0.8161,0.0,0
2013-02-08,22.15,0.0,6.997607223476307,1
2013-02-09,23.69997,1.54997,-0.3602958147204418,0
2013-02-10,23.61458,-0.08539,2.4600056405830593,1
2013-02-11,24.1955,0.58092,6.507284412390741,1
2013-02-12,25.76997,1.57447,1.2806378897608244,1
2013-02-13,26.09999,0.33002,1.65107342953005,1
2013-02-14,26.53092,0.43093,1.7642056890601656,1
2013-02-15,26.99898,0.46806,0.26338032029358477,1
2013-02-16,27.07009,0.071110000000001,-5.4000189877462565,0
2013-02-17,25.6083,-1.46179,4.71468234908214,1
2013-02-18,26.81565,1.20735,7.362640845923921,1
2013-02-19,28.78999,1.97434,3.5509564261745163,1
2013-02-20,29.81231,1.02232,-0.04088914948221177,0
2013-02-21,29.80012,-0.01219,3.694213311892704,1
2013-02-22,30.901,1.10088,-5.245849648878682,0
2013-02-23,29.27998,-1.62102,3.4760611175280913,1
2013-02-24,30.29777,1.01779,-0.15763536392282418,0
2013-02-25,30.25001,-0.04776,3.0710403070941097,1
2013-02-26,31.179,0.92899,0.7146156066583361,1
2013-02-27,31.40181,0.22281,6.681780445139952,1
2013-02-28,33.50001,2.0982,4.113371906456129,1
2013-03-01,34.87799,1.37798,-1.9989397324788474,0
2013-03-02,34.1808,-0.69719,-0.23618522679397655,0
2013-03-03,34.10007,-0.080729999999996,6.598021646289872,1
2013-03-04,36.35,2.24993,10.151306740027504,1
2013-03-05,40.04,3.69,18.631368631368634,1
2013-03-06,47.5,7.46,-10.541663157894732,0
2013-03-07,42.49271,-5.00729,1.146761409192293,1
2013-03-08,42.98,0.48728999999999,7.052396463471386,1
2013-03-09,46.01112,3.03112,1.062525754643664,1
2013-03-10,46.5,0.48888,2.6660215053763423,1
2013-03-11,47.7397,1.2397,-5.701732520313279,0
2013-03-12,45.01771,-2.72199,3.959064110546716,1
2013-03-13,46.79999,1.78228,1.0168805591625036,1
2013-03-14,47.27589,0.4759,-0.05465788163902404,0
2013-03-15,47.25005,-0.025839999999995,-0.2964018027494198,0
2013-03-16,47.11,-0.14005,0.7045213330503023,1
2013-03-17,47.4419,0.3319,0.43864179132792264,1
2013-03-18,47.65,0.2081,21.217208814270723,1
2013-03-19,57.76,10.11,9.781284626038783,1
2013-03-20,63.40967,5.64967,16.386033865181762,1
2013-03-21,73.8,10.39033,-3.1165311653116494,0
2013-03-22,71.5,-2.3,-11.888111888111888,0
2013-03-23,63.0,-8.5,11.26984126984126,1
2013-03-24,70.1,7.1,5.403680456490735,1
2013-03-25,73.88798,3.78798,5.565208305870591,1
2013-03-26,78.0,4.11202,13.97435897435898,1
2013-03-27,88.9,10.9,5.249730033745771,1
2013-03-28,93.56701,4.66701,-4.827566895639819,0
2013-03-29,89.05,-4.51701,2.1897697922515436,1
2013-03-30,90.99999,1.94999,1.6483738075136123,1
2013-03-31,92.50001,1.50002,10.821620451716697,1
2013-04-01,102.51001,10.01,6.067690365067772,1
2013-04-02,108.73,6.21999,27.646463717465267,1
2013-04-03,138.79,30.06,-4.893011023848981,0
2013-04-04,131.99899,-6.79101,8.94022749719526,1
2013-04-05,143.8,11.80101,-0.9056675938804021,0
2013-04-06,142.49765,-1.30235,12.352519497689975,1
2013-04-07,160.0997,17.60205,14.928385249941122,1
2013-04-08,184.0,23.9003,29.34239130434783,1
2013-04-09,237.99,53.99,-16.80322702634565,0
2013-04-10,198.0,-39.99,-37.676272727272725,0
2013-04-11,123.40098,-74.59902,-38.01669970530218,0
2013-04-12,76.488,-46.91298,43.15969825332078,1
2013-04-13,109.49999,33.01199,-16.894969579449274,0
2013-04-14,91.0,-18.49999,0.0,0
2013-04-15,91.0,0.0,0.0,0
2013-04-16,91.0,0.0,-5.934076923076918,0
2013-04-17,85.59999,-5.40001,12.733658029632942,1
2013-04-18,96.5,10.90001,23.95854922279793,1
2013-04-19,119.62,23.12,3.5445577662598184,1
2013-04-20,123.86,4.24,0.92039399321815,1
2013-04-21,125.0,1.14,-1.1879999999999995,0
2013-04-22,123.515,-1.485,10.173655021657298,1
2013-04-23,136.08099,12.56599,12.580155391285716,1
2013-04-24,153.20019,17.1192,-1.3578181593638914,0
2013-04-25,151.12001,-2.08018,-10.269328330510305,0
2013-04-26,135.601,-15.51901,-5.6054085146864665,0
2013-04-27,128.00001,-7.60099,6.242171387330362,1
2013-04-28,135.98999,7.98998,4.051790870783945,1
2013-04-29,141.50002,5.51003,-1.689766545616034,0
2013-04-30,139.109,-2.39102,-10.645752611261676,0
2013-05-01,124.2998,-14.8092,-15.526790871747187,0
2013-05-02,105.00003,-19.29977,-11.28573963264581,0
2013-05-03,93.15,-11.85003,20.22521739130434,1
2013-05-04,111.98979,18.83979,5.268533854738012,1
2013-05-05,117.89001,5.90022,2.595622818252366,1
2013-05-06,120.94999,3.05998,-11.6907740132926,0
2013-05-07,106.81,-14.13999,6.684776706300912,1
2013-05-08,113.95001,7.14001,-3.8512238831747467,0
2013-05-09,109.56154,-4.38847,7.409954259496548,1
2013-05-10,117.68,8.11846,-1.9374575118966697,0
2013-05-11,115.4,-2.28,-0.9358752166377924,0
2013-05-12,114.32,-1.08,2.7842722183345003,1
2013-05-13,117.50298,3.18298,1.2740272629681446,1
2013-05-14,119.0,1.49702,-3.3739579831932804,0
2013-05-15,114.98499,-4.01501,0.09153368626635361,1
2013-05-16,115.09024,0.10525,8.167295506552078,1
2013-05-17,124.49,9.39976,-0.5944654189091466,0
2013-05-18,123.74995,-0.74005,-2.1767039097793552,0
2013-05-19,121.05628,-2.69367,1.3165198864528083,1
2013-05-20,122.65001,1.59373,-0.1223073687478661,0
2013-05-21,122.5,-0.15000999999999,0.11428571428571475,1
2013-05-22,122.64,0.14,2.4706457925636016,1
2013-05-23,125.67,3.03,4.639134240471074,1
2013-05-24,131.5,5.83,0.904942965779466,1
2013-05-25,132.69,1.19,1.0226919888461847,1
2013-05-26,134.04701,1.35701,-1.0720418157779097,0
2013-05-27,132.60997,-1.43704,-3.2342741650571267,0
2013-05-28,128.321,-4.28897,1.2928047630551518,1
2013-05-29,129.97994,1.65894,0.7816206100726033,1
2013-05-30,130.99589,1.01595,-2.7902936496709922,0
2013-05-31,127.34072,-3.65517,1.4596509270561753,1
2013-06-01,129.19945,1.85873,-6.653681575269872,0
2013-06-02,120.60293,-8.59652,-0.49991322764711793,0
2013-06-03,120.00002,-0.60290999999999,0.4721749213041774,1
2013-06-04,120.56663,0.56661,1.5248580805484908,1
2013-06-05,122.4051,1.83847,-1.401183447421716,0
2013-06-06,120.68998,-1.71512,-8.612951961712149,0
2013-06-07,110.29501,-10.39497,-2.262124097907972,0
2013-06-08,107.8,-2.49501,-8.654499072356213,0
2013-06-09,98.47045,-9.32955,6.598994926904463,1
2013-06-10,104.96851,6.49806,2.887999458123208,1
2013-06-11,108.0,3.03149,0.15000925925925473,1
2013-06-12,108.16201,0.16201,0.774754463235294,1
2013-06-13,109.0,0.83799,-8.256880733944953,0
2013-06-14,100.0,-9.0,1.9699800000000067,1
2013-06-15,101.96998,1.96998,-1.9319215321999736,0
2013-06-16,100.0,-1.96998,0.5252100000000013,1
2013-06-17,100.52521,0.52521,6.82891386150797,1
2013-06-18,107.38999,6.86478,0.4143868530018453,1
2013-06-19,107.835,0.44501,3.8345620624101686,1
2013-06-20,111.97,4.135,-0.8663034741448592,0
2013-06-21,111.0,-0.97,-1.7207207207207176,0
2013-06-22,109.09,-1.91,-1.2889449078742305,0
2013-06-23,107.68389,-1.40611,-5.3067640851384645,0
2013-06-24,101.96936,-5.71453,1.8606471591074147,1
2013-06-25,103.86665,1.89729,0.5189346147199194,1
2013-06-26,104.40565,0.53899999999999,-1.5474641458580058,0
2013-06-27,102.79001,-1.61564,-5.987965172880124,0
2013-06-28,96.63498,-6.15503,-0.8091997328503624,0
2013-06-29,95.85301,-0.78197,0.6749814116426833,1
2013-06-30,96.5,0.64699,-5.701554404145074,0
2013-07-01,90.998,-5.502,-1.591243763599208,0
2013-07-02,89.55,-1.448,-7.5376884422110555,0
2013-07-03,82.8,-6.75,-3.6231884057971016,0
2013-07-04,79.8,-3.0,-14.964360902255633,0
2013-07-05,67.85844,-11.94156,2.192181252619415,1
2013-07-06,69.34602,1.48758,2.301473105450028,1
2013-07-07,70.942,1.59598,9.441515604296479,1
2013-07-08,77.64,6.698,-1.6899665121071583,0
2013-07-09,76.32791,-1.31209,2.962324004417247,1
2013-07-10,78.58899,2.26108,10.893396136023647,1
2013-07-11,87.15,8.56101,12.220309810671246,1
2013-07-12,97.8,10.65,-1.8456032719836326,0
2013-07-13,95.995,-1.805,-1.296942549091103,0
2013-07-14,94.75,-1.245,3.826026385224268,1
2013-07-15,98.37516,3.62516,-1.387708035239779,0
2013-07-16,97.01,-1.36516,0.9895887021956434,1
2013-07-17,97.97,0.95999999999999,-7.726844952536496,0
2013-07-18,90.40001,-7.56999,3.3305416669754866,1
2013-07-19,93.41082,3.01081,-1.6414800769332754,0
2013-07-20,91.8775,-1.53332,-3.1972027972028005,0
2013-07-21,88.93999,-2.93751,3.202170362285854,1
2013-07-22,91.788,2.84801,3.930797054081148,1
2013-07-23,95.396,3.608,-1.8600360602121682,0
2013-07-24,93.6216,-1.7744,2.7540653011698177,1
2013-07-25,96.2,2.5784,0.2024428274428265,1
2013-07-26,96.39475,0.19475,-1.2346523021222624,0
2013-07-27,95.20461,-1.19014,3.986571658662328,1
2013-07-28,99.00001,3.7954,2.0626361552892676,1
2013-07-29,101.04202,2.04201,0.8491120822802292,1
2013-07-30,101.89998,0.85796000000001,2.9985972519327313,1
2013-07-31,104.95555,3.05557,-0.7294040191300075,0
2013-08-01,104.19,-0.76555,1.2573183606872083,1
2013-08-02,105.5,1.31,-1.6113649289099523,0
2013-08-03,103.80001,-1.69999,0.8425625392521586,1
2013-08-04,104.67459,0.87457999999999,1.6483561101123116,1
2013-08-05,106.4,1.72541,0.45468045112781563,1
2013-08-06,106.88378,0.48378,-1.2010989880784597,0
2013-08-07,105.6,-1.28378,-3.5037878787878682,0
2013-08-08,101.9,-3.7,0.3925417075564195,1
2013-08-09,102.3,0.39999999999999,0.310869990224833,1
2013-08-10,102.61802,0.31802,1.2005591220723184,1
2013-08-11,103.85001,1.23199,1.1025227633584251,1
2013-08-12,104.99498,1.14497,2.194257287348405,1
2013-08-13,107.29884,2.30386,-6.774388241289466,0
2013-08-14,100.03,-7.26884,-1.749475157452764,0
2013-08-15,98.28,-1.75,0.23402523402523806,1
2013-08-16,98.51,0.23,-0.12181504415795812,0
2013-08-17,98.39,-0.12,0.6403089744892727,1
2013-08-18,99.02,0.63,3.0801858210462507,1
2013-08-19,102.07,3.05,2.4688938963456555,1
2013-08-20,104.59,2.52,4.933550052586286,1
2013-08-21,109.75,5.16,1.1480637813211891,1
2013-08-22,111.01,1.26,-3.1798937032699763,0
2013-08-23,107.48,-3.53,1.2188314104949778,1
2013-08-24,108.79,1.31,3.7779207647761734,1
2013-08-25,112.9,4.11,-0.9743135518157736,0
2013-08-26,111.8,-1.1,5.116279069767441,1
2013-08-27,117.52,5.72,1.4720898570456127,1
2013-08-28,119.25,1.73,0.19287211740042262,1
2013-08-29,119.48,0.23,4.444258453297625,1
2013-08-30,124.79,5.31,6.37871624328872,1
2013-08-31,132.75,7.96,-1.4538606403013234,0
2013-09-01,130.82,-1.93,0.16052591346889464,1
2013-09-02,131.03,0.21000000000001,-0.4426467221247138,0
2013-09-03,130.45,-0.58000000000001,-2.8440015331544606,0
2013-09-04,126.74,-3.71,-1.7595076534637761,0
2013-09-05,124.51,-2.23,-1.6625170669022626,0
2013-09-06,122.44,-2.07,-1.8703038222802941,0
2013-09-07,120.15,-2.29,-1.364960466084062,0
2013-09-08,118.51,-1.64,2.658003544004718,1
2013-09-09,121.66,3.15,1.4219957257931974,1
2013-09-10,123.39,1.73,0.5754112975119489,1
2013-09-11,124.1,0.70999999999999,3.505237711522961,1
2013-09-12,128.45,4.35,-0.1245620864149448,0
2013-09-13,128.29,-0.16,-3.094551406968586,0
2013-09-14,124.32,-3.97,0.9169884169884175,1
2013-09-15,125.46,1.14,0.44635740475051994,1
2013-09-16,126.02,0.56,1.2220282494842138,1
2013-09-17,127.56,1.54,-0.2587017873941661,0
2013-09-18,127.23,-0.33,-2.46011160889728,0
2013-09-19,124.1,-3.13,-0.09669621273166022,0
2013-09-20,123.98,-0.11999999999999,-0.3871592192289111,0
2013-09-21,123.5,-0.48,-0.5829959514170031,0
2013-09-22,122.78,-0.72,0.19547157517510577,1
2013-09-23,123.02,0.23999999999999,-0.3495366607055703,0
2013-09-24,122.59,-0.42999999999999,1.297006281099603,1
2013-09-25,124.18,1.59,-0.26574327588984736,0
2013-09-26,123.85,-0.33000000000001,1.4129995962858297,1
2013-09-27,125.6,1.75,0.7165605095541446,1
2013-09-28,126.5,0.90000000000001,1.2648221343873474,1
2013-09-29,128.1,1.6,-1.7954722872755637,0
2013-09-30,125.8,-2.3,1.0413354531001608,1
2013-10-01,127.11,1.31,-17.811344504759656,0
2013-10-02,104.47,-22.64,11.946013209533842,1
2013-10-03,116.95,12.48,4.318084651560493,1
2013-10-04,122.0,5.05,-0.40163934426229086,0
2013-10-05,121.51,-0.48999999999999,0.07406797794419323,1
2013-10-06,121.6,0.089999999999989,1.6447368421052633,1
2013-10-07,123.6,2.0,0.19417475728156078,1
2013-10-08,123.84,0.24000000000001,1.808785529715758,1
2013-10-09,126.08,2.24,0.2776015228426464,1
2013-10-10,126.43,0.35000000000001,0.324290121015579,1
2013-10-11,126.84,0.41,0.5439924314096481,1
2013-10-12,127.53,0.69,1.7329255861366015,1
2013-10-13,129.74,2.21,4.586095267457984,1
2013-10-14,135.69,5.95,2.616257646105101,1
2013-10-15,139.24,3.55,1.8600976730824499,1
2013-10-16,141.83,2.59,1.05760417401114,1
2013-10-17,143.33,1.5,5.065234075211045,1
2013-10-18,150.59,7.26,9.60223122385285,1
2013-10-19,165.05,14.46,0.3998788245986044,1
2013-10-20,165.71,0.66,6.855349707320008,1
2013-10-21,177.07,11.36,8.30744903145649,1
2013-10-22,191.78,14.71,4.260089686098648,1
2013-10-23,199.95,8.17,-2.0855213803450803,0
2013-10-24,195.78,-4.17,-11.732556951680458,0
2013-10-25,172.81,-22.97,3.992824489323538,1
2013-10-26,179.71,6.9,5.202826776473203,1
2013-10-27,189.06,9.35,3.803025494551993,1
2013-10-28,196.25,7.19,2.9757961783439506,1
2013-10-29,202.09,5.84,0.6432777475382171,1
2013-10-30,203.39,1.3,-0.8751659373617056,0
2013-10-31,201.61,-1.78,0.8084916422796465,1
2013-11-01,203.24,1.63,0.4477465065931886,1
2013-11-02,204.15,0.91,1.3225569434239475,1
2013-11-03,206.85,2.7,8.822818467488519,1
2013-11-04,225.1,18.25,9.564637938693915,1
2013-11-05,246.63,21.53,4.703401857032811,1
2013-11-06,258.23,11.6,13.201409596096491,1
2013-11-07,292.32,34.09,11.371100164203616,1
2013-11-08,325.56,33.24,10.50497604128271,1
2013-11-09,359.76,34.2,-17.469979986657762,0
2013-11-10,296.91,-62.85,14.303997844464643,1
2013-11-11,339.38,42.47,4.293122753255935,1
2013-11-12,353.95,14.57,10.64839666619579,1
2013-11-13,391.64,37.69,6.347666224083346,1
2013-11-14,416.5,24.86,2.818727490996401,1
2013-11-15,428.24,11.74,1.2352886232019342,1
2013-11-16,433.53,5.29,6.797684127972696,1
2013-11-17,463.0,29.47,25.952483801295887,1
2013-11-18,583.16,120.16,-3.973180602236086,0
2013-11-19,559.99,-23.17,6.251897355309914,1
2013-11-20,595.0,35.01,16.7983193277311,1
2013-11-21,694.95,99.95,9.504280883516792,1
2013-11-22,761.0,66.05,10.11695137976347,1
2013-11-23,837.99,76.99,-0.5763791930691345,0
2013-11-24,833.16,-4.83,-2.2996783330932797,0
2013-11-25,814.0,-19.16,3.796068796068793,1
2013-11-26,844.9,30.9,13.741271156349866,1
2013-11-27,961.0,116.1,4.994797086368366,1
2013-11-28,1009.0,48.0,7.423191278493567,1
2013-11-29,1083.9,74.9,3.3268751729864325,1
2013-11-30,1119.96,36.06,-13.389763920140007,0
2013-12-01,970.0,-149.96,2.295876288659792,1
2013-12-02,992.27,22.27,6.825763149142876,1
2013-12-03,1060.0,67.73,8.584905660377359,1
2013-12-04,1151.0,91.0,-10.656820156385757,0
2013-12-05,1028.34,-122.66,-13.06377268218682,0
2013-12-06,894.0,-134.34,-18.647651006711413,0
2013-12-07,727.29,-166.71,-0.5912359581459878,0
2013-12-08,722.99,-4.3,20.471929072324652,1
2013-12-09,871.0,148.01,7.575200918484502,1
2013-12-10,936.98,65.98,-5.419539371171207,0
2013-12-11,886.2,-50.78,-4.564432408034309,0
2013-12-12,845.75,-40.45,3.3402305645876442,1
2013-12-13,874.0,28.25,-1.0640732265446171,0
2013-12-14,864.7,-9.3,-1.911645657453462,0
2013-12-15,848.17,-16.53,-16.408267210582782,0
2013-12-16,709.0,-139.17,-0.9802538787024041,0
2013-12-17,702.05,-6.95,-17.931771241364572,0
2013-12-18,576.16,-125.89,13.336573174118307,1
2013-12-19,653.0,76.84,1.0719754977029097,1
2013-12-20,660.0,7.0,-7.196969696969697,0
2013-12-21,612.5,-47.5,4.0,1
2013-12-22,637.0,24.5,0.45525902668759455,1
2013-12-23,639.9,2.9,1.1517424597593382,1
2013-12-24,647.27,7.37,1.6685463562346576,1
2013-12-25,658.07,10.8,11.60210919810961,1
2013-12-26,734.42,76.35,-2.574820947141958,0
2013-12-27,715.51,-18.91,-1.9426702631689252,0
2013-12-28,701.61,-13.9,1.8785365088866963,1
2013-12-29,714.79,13.18,3.4009988947802934,1
2013-12-30,739.1,24.31,-1.0959274793668006,0
2013-12-31,731.0,-8.1,2.1751025991792035,1
2014-01-01,746.9,15.9,1.487481590574376,1
2014-01-02,758.01,11.11,6.358755161541411,1
2014-01-03,806.21,48.2,2.0056809019982333,1
2014-01-04,822.38,16.17,8.952065954911355,1
2014-01-05,896.0,73.62,4.264508928571432,1
2014-01-06,934.21,38.21,-7.153637833035402,0
2014-01-07,867.38,-66.83,-4.85254444418825,0
2014-01-08,825.29,-42.09,-1.953252795986866,0
2014-01-09,809.17,-16.12,2.260340843086135,1
2014-01-10,827.46,18.29,7.781645034201047,1
2014-01-11,891.85,64.39,-4.580366653585247,0
2014-01-12,851.0,-40.85,-5.072855464159808,0
2014-01-13,807.83,-43.17,1.5993463971380066,1
2014-01-14,820.75,12.92,3.2835820895522443,1
2014-01-15,847.7,26.95,-1.981833195706036,0
2014-01-16,830.9,-16.8,-4.561319051630759,0
2014-01-17,793.0,-37.9,1.0756620428751542,1
2014-01-18,801.53,8.53,3.92624106396517,1
2014-01-19,833.0,31.47,-0.15366146458583105,0
2014-01-20,831.72,-1.28,-1.101332179098745,0
2014-01-21,822.56,-9.1600000000001,-1.1561466640731366,0
2014-01-22,813.05,-9.51,-0.003689809974782943,0
2014-01-23,813.02,-0.029999999999973,-2.9421170450911367,0
2014-01-24,789.1,-23.92,2.141680395387147,1
2014-01-25,806.0,16.9,2.576923076923075,1
2014-01-26,826.77,20.77,-6.019812039624077,0
2014-01-27,777.0,-49.77,2.9858429858429916,1
2014-01-28,800.2,23.2,0.4248937765558582,1
2014-01-29,803.6,3.4,-0.5263812842210077,0
2014-01-30,799.37,-4.23,0.3915583522023588,1
2014-01-31,802.5,3.13,1.6809968847352037,1
2014-02-01,815.99,13.49,0.43873086679984324,1
2014-02-02,819.57,3.58,-0.7040277218541546,0
2014-02-03,813.8,-5.7700000000001,-0.5836814942246252,0
2014-02-04,809.05,-4.75,-1.1185958840615482,0
2014-02-05,800.0,-9.05,-2.75,0
2014-02-06,778.0,-22.0,-4.526992287917741,0
2014-02-07,742.78,-35.22,-4.8170386924796,0
2014-02-08,707.0,-35.78,0.4243281471004243,1
2014-02-09,710.0,3.0,-6.338028169014085,0
2014-02-10,665.0,-45.0,0.7518796992481203,1
2014-02-11,670.0,5.0,-0.44626865671641924,0
2014-02-12,667.01,-2.99,-4.950450517983236,0
2014-02-13,633.99,-33.02,6.0111358223315845,1
2014-02-14,672.1,38.11,-3.0769230769230864,0
2014-02-15,651.42,-20.68,-4.286021307297897,0
2014-02-16,623.5,-27.92,2.967121090617482,1
2014-02-17,642.0,18.5,-2.3722741433021834,0
2014-02-18,626.77,-15.23,-0.4531167732980251,0
2014-02-19,623.93,-2.84,-6.608113089609398,0
2014-02-20,582.7,-41.23,-2.8385103827012315,0
2014-02-21,566.16,-16.54,6.680090433799641,1
2014-02-22,603.98,37.82,3.773303751779854,1
2014-02-23,626.77,22.79,-13.04625301147151,0
2014-02-24,545.0,-81.77,-3.1192660550458715,0
2014-02-25,528.0,-17.0,10.867424242424242,1
2014-02-26,585.38,57.38,-0.03587413304179104,0
2014-02-27,585.17,-0.21000000000004,-1.2304116752396623,0
2014-02-28,577.97,-7.1999999999999,-1.1194352648061365,0
2014-03-01,571.5,-6.47,-2.033245844269467,0
2014-03-02,559.88,-11.62,19.043366435664787,1
2014-03-03,666.5,106.62,1.6669167291822977,1
2014-03-04,677.61,11.11,-1.8830890925458583,0
2014-03-05,664.85,-12.76,-1.177709257727313,0
2014-03-06,657.02,-7.83,-5.4366685945633355,0
2014-03-07,621.3,-35.72,-1.9797199420569702,0
2014-03-08,609.0,-12.3,4.760262725779969,1
2014-03-09,637.99,28.99,-2.5078762990015515,0
2014-03-10,621.99,-16.0,0.14630460296788825,1
2014-03-11,622.9,0.90999999999997,3.0823567185744176,1
2014-03-12,642.1,19.2,0.0794268805481998,1
2014-03-13,642.61,0.50999999999999,-0.9554784394889569,0
2014-03-14,636.47,-6.14,-0.028280987320700685,0
2014-03-15,636.29,-0.18000000000006,-0.21216740794290484,0
2014-03-16,634.94,-1.3499999999999,-1.6127508111002626,0
2014-03-17,624.7,-10.24,0.3681767248279101,1
2014-03-18,627.0,2.3,-2.9649122807017596,0
2014-03-19,608.41,-18.59,-3.0259200210384396,0
2014-03-20,590.0,-18.41,-1.6966101694915239,0
2014-03-21,579.99,-10.01,-3.9638614458869994,0
2014-03-22,557.0,-22.99,1.8186714542190296,1
2014-03-23,567.13,10.13,0.8587096432916623,1
2014-03-24,572.0,4.87,1.402097902097899,1
2014-03-25,580.02,8.02,0.979276576669781,1
2014-03-26,585.7,5.6800000000001,-11.183199590233908,0
2014-03-27,520.2,-65.5,-3.306420607458678,0
2014-03-28,503.0,-17.2,-0.6083499005964219,0
2014-03-29,499.94,-3.06,-10.185222226667204,0
2014-03-30,449.02,-50.92,1.7772036880317177,1
2014-03-31,457.0,7.98,4.9256017505470435,1
2014-04-01,479.51,22.51,-7.196930199578735,0
2014-04-02,445.0,-34.51,0.29438202247191064,1
2014-04-03,446.31,1.31,-0.06721785306177576,0
2014-04-04,446.01,-0.30000000000001,1.307145579695519,1
2014-04-05,451.84,5.83,1.7329143059490177,1
2014-04-06,459.67,7.83,-2.595340135314466,0
2014-04-07,447.74,-11.93,1.413766918300796,1
2014-04-08,454.07,6.33,-2.4159270597044444,0
2014-04-09,443.1,-10.97,-9.501241254795762,0
2014-04-10,401.0,-42.1,6.7306733167082315,1
2014-04-11,427.99,26.99,-0.7032874599873807,0
2014-04-12,424.98,-3.01,-4.70139771283355,0
2014-04-13,405.0,-19.98,11.886419753086415,1
2014-04-14,453.14,48.14,8.11449000308956,1
2014-04-15,489.91,36.77,4.4069318854483415,1
2014-04-16,511.5,21.59,-3.225806451612903,0
2014-04-17,495.0,-16.5,-3.034343434343431,0
2014-04-18,479.98,-15.02,4.1501729238718195,1
2014-04-19,499.9,19.92,0.05801160232046819,1
2014-04-20,500.19,0.29000000000002,-0.7377196665267194,0
2014-04-21,496.5,-3.69,-0.6384692849949679,0
2014-04-22,493.33,-3.17,-1.222305556118617,0
2014-04-23,487.3,-6.03,0.8824132977631872,1
2014-04-24,491.6,4.3,-6.600895036615143,0
2014-04-25,459.15,-32.45,1.0301644342807401,1
2014-04-26,463.88,4.73,-5.126325773907039,0
2014-04-27,440.1,-23.78,1.5678254942058572,1
2014-04-28,447.0,6.9,0.1565995525727044,1
2014-04-29,447.7,0.69999999999999,0.29037301764574747,1
2014-04-30,449.0,1.3,2.452115812917593,1
2014-05-01,460.01,11.01,-2.717332231908002,0
2014-05-02,447.51,-12.5,-2.907197604522802,0
2014-05-03,434.5,-13.01,0.39355581127732553,1
2014-05-04,436.21,1.71,-1.9210930515118856,0
2014-05-05,427.83,-8.38,0.5843442488839025,1
2014-05-06,430.33,2.5,3.7924383612576382,1
2014-05-07,446.65,16.32,-1.1530280980633556,0
2014-05-08,441.5,-5.15,2.3827859569648884,1
2014-05-09,452.02,10.52,0.08849165966108449,1
2014-05-10,452.42,0.40000000000003,-3.850404491401798,0
2014-05-11,435.0,-17.42,1.4942528735632183,1
2014-05-12,441.5,6.5,-0.5775764439411124,0
2014-05-13,438.95,-2.55,1.9455518851805491,1
2014-05-14,447.49,8.54,0.33520302129656526,1
2014-05-15,448.99,1.5,0.11581549700438357,1
2014-05-16,449.51,0.51999999999998,-0.09565971835999351,0
2014-05-17,449.08,-0.43000000000001,-0.43199429945666645,0
2014-05-18,447.14,-1.94,-0.1610233931207162,0
2014-05-19,446.42,-0.71999999999997,8.644325971058638,1
2014-05-20,485.01,38.59,2.0329477742726985,1
2014-05-21,494.87,9.86,5.854062683128908,1
2014-05-22,523.84,28.97,0.6929596823457536,1
2014-05-23,527.47,3.63,-1.1280262384590678,0
2014-05-24,521.52,-5.95,10.254640282251883,1
2014-05-25,575.0,53.48,1.565217391304348,1
2014-05-26,584.0,9.0,-0.3647260273972595,0
2014-05-27,581.87,-2.13,-1.2958220908450278,0
2014-05-28,574.33,-7.54,-1.1021538140093745,0
2014-05-29,568.0,-6.33,7.22359154929577,1
2014-05-30,609.03,41.03,1.8751128844227827,1
2014-05-31,620.45,11.42,8.78878233540172,1
2014-06-01,674.98,54.53,-6.443153871225816,0
2014-06-02,631.49,-43.49,6.715862483966486,1
2014-06-03,673.9,42.41,-4.338922688826237,0
2014-06-04,644.66,-29.24,2.180994632829718,1
2014-06-05,658.72,14.06,-0.45087442312363785,0
2014-06-06,655.75,-2.97,-0.22112085398399473,0
2014-06-07,654.3,-1.45,-0.35152070915481504,0
2014-06-08,652.0,-2.3,-0.16411042944786045,0
2014-06-09,650.93,-1.0700000000001,-0.15977140399120698,0
2014-06-10,649.89,-1.04,-1.5233347181830736,0
2014-06-11,639.99,-9.9,-3.5922436288067017,0
2014-06-12,617.0,-22.99,-5.672609400324149,0
2014-06-13,582.0,-35.0,-4.137457044673546,0
2014-06-14,557.92,-24.08,0.46063951821050514,1
2014-06-15,560.49,2.5700000000001,6.157112526539277,1
2014-06-16,595.0,34.51,0.4453781512605004,1
2014-06-17,597.65,2.65,1.1628879779135022,1
2014-06-18,604.6,6.95,-0.04631161098246323,0
2014-06-19,604.32,-0.27999999999997,-1.8185729414879548,0
2014-06-20,593.33,-10.99,-0.3943842381137026,0
2014-06-21,590.99,-2.34,0.8612666880996348,1
2014-06-22,596.08,5.09,-0.7683532411756879,0
2014-06-23,591.5,-4.58,-1.0076077768385523,0
2014-06-24,585.54,-5.96,-3.1663080233630434,0
2014-06-25,567.0,-18.54,0.3527336860670194,1
2014-06-26,569.0,2.0,3.50966608084359,1
2014-06-27,588.97,19.97,1.376980151790416,1
2014-06-28,597.08,8.11,-0.1808802840490455,0
2014-06-29,596.0,-1.08,4.026845637583893,1
2014-06-30,620.0,24.0,5.556451612903233,1
2014-07-01,654.45,34.45,-0.06876002750401794,0
2014-07-02,654.0,-0.45000000000005,-1.5229357798165193,0
2014-07-03,644.04,-9.96,-1.3275572945779694,0
2014-07-04,635.49,-8.55,-0.4264425876095668,0
2014-07-05,632.78,-2.71,0.2702361010145764,1
2014-07-06,634.49,1.71,-1.9716622799413688,0
2014-07-07,621.98,-12.51,0.2765362230296838,1
2014-07-08,623.7,1.72,0.18278018278018057,1
2014-07-09,624.84,1.14,-0.8098073106715413,0
2014-07-10,619.78,-5.0600000000001,1.6989899641808341,1
2014-07-11,630.31,10.53,0.2649489933524889,1
2014-07-12,631.98,1.6700000000001,-0.17089148390772507,0
2014-07-13,630.9,-1.08,-1.2838801711840264,0
2014-07-14,622.8,-8.1,0.059409120102762454,1
2014-07-15,623.17,0.37,-0.5921337676717334,0
2014-07-16,619.48,-3.6899999999999,1.052495641505776,1
2014-07-17,626.0,6.52,0.6166134185303536,1
2014-07-18,629.86,3.86,0.16829136633536745,1
2014-07-19,630.92,1.0599999999999,-1.1332657072211973,0
2014-07-20,623.77,-7.15,-0.7422607691937726,0
2014-07-21,619.14,-4.63,0.3052621378040486,1
2014-07-22,621.03,1.89,0.15780236059449917,1
2014-07-23,622.01,0.98000000000002,-3.348820758508712,0
2014-07-24,601.18,-20.83,0.2345387404770754,1
2014-07-25,602.59,1.4100000000001,-1.1135266101329322,0
2014-07-26,595.88,-6.71,-0.5655501107605566,0
2014-07-27,592.51,-3.37,-0.9366930515940582,0
2014-07-28,586.96,-5.55,-0.9302167098269108,0
2014-07-29,581.5,-5.46,-1.3791917454858094,0
2014-07-30,573.48,-8.02,2.1831624468159276,1
2014-07-31,586.0,12.52,2.72013651877134,1
2014-08-01,601.94,15.94,-1.7194404757949333,0
2014-08-02,591.59,-10.35,-0.3042647779712416,0
2014-08-03,589.79,-1.8000000000001,0.7036402787432969,1
2014-08-04,593.94,4.1500000000001,-2.3116813146109063,0
2014-08-05,580.21,-13.73,0.23956843211940268,1
2014-08-06,581.6,1.39,0.9697386519944956,1
2014-08-07,587.24,5.64,0.35079354267419544,1
2014-08-08,589.3,2.0599999999999,-0.11708807059221804,0
2014-08-09,588.61,-0.68999999999994,0.06455887599598978,1
2014-08-10,588.99,0.38,-1.7012173381551439,0
2014-08-11,578.97,-10.02,-1.62875451232362,0
2014-08-12,569.54,-9.4300000000001,-3.4062576816378094,0
2014-08-13,550.14,-19.4,-5.176864070963759,0
2014-08-14,521.66,-28.48,-4.504849902235162,0
2014-08-15,498.16,-23.5,2.1760077083667846,1
2014-08-16,509.0,10.84,-3.363457760314343,0
2014-08-17,491.88,-17.12,-4.816215337074083,0
2014-08-18,468.19,-23.69,4.124393942630129,1
2014-08-19,487.5,19.31,4.061538461538464,1
2014-08-20,507.3,19.8,3.6428149024245933,1
2014-08-21,525.78,18.48,-1.4321579367796367,0
2014-08-22,518.25,-7.53,-2.772793053545587,0
2014-08-23,503.88,-14.37,1.3634198618718751,1
2014-08-24,510.75,6.87,-1.3627019089574115,0
2014-08-25,503.79,-6.96,1.786458643482392,1
2014-08-26,512.79,8.9999999999999,0.3997737865403125,1
2014-08-27,514.84,2.0500000000001,-1.0585813068137762,0
2014-08-28,509.39,-5.45,0.5104144172441593,1
2014-08-29,511.99,2.6,-1.5840153127990808,0
2014-08-30,503.88,-8.11,-5.14011272525204,0
2014-08-31,477.98,-25.9,0.9644755010669812,1
2014-09-01,482.59,4.61,0.21964814853188055,1
2014-09-02,483.65,1.06,-2.2516282435645585,0
2014-09-03,472.76,-10.89,2.8005753447838244,1
2014-09-04,486.0,13.24,-0.018518518518513372,0
2014-09-05,485.91,-0.089999999999975,-0.9919532423699965,0
2014-09-06,481.09,-4.8200000000001,-0.09769481801741264,0
2014-09-07,480.62,-0.46999999999997,-0.8343389788190235,0
2014-09-08,476.61,-4.01,-2.1254274983739316,0
2014-09-09,466.48,-10.13,3.976590636254492,1
2014-09-10,485.03,18.55,-3.304950209265401,0
2014-09-11,469.0,-16.03,0.30490405117270936,1
2014-09-12,470.43,1.43,2.004549029611208,1
2014-09-13,479.86,9.43,-0.9106822823323478,0
2014-09-14,475.49,-4.37,-0.03995877936444462,0
2014-09-15,475.3,-0.19,-1.5358720807910817,0
2014-09-16,468.0,-7.3,-4.273504273504273,0
2014-09-17,448.0,-20.0,-4.421875000000001,0
2014-09-18,428.19,-19.81,-6.8427567201476,0
2014-09-19,398.89,-29.3,4.179096994158795,1
2014-09-20,415.56,16.67,-2.2283184137068033,0
2014-09-21,406.3,-9.26,-1.3093773074083173,0
2014-09-22,400.98,-5.32,5.491545713003138,1
2014-09-23,423.0,22.02,2.1063829787234103,1
2014-09-24,431.91,8.91,-5.517353152277104,0
2014-09-25,408.08,-23.83,-0.7204469711821206,0
2014-09-26,405.14,-2.94,-1.0860443303549334,0
2014-09-27,400.74,-4.4,-5.1754254628936485,0
2014-09-28,380.0,-20.74,0.510526315789473,1
2014-09-29,381.94,1.94,0.19112949677960364,1
2014-09-30,382.67,0.73000000000002,0.6794365902735949,1
2014-10-01,385.27,2.6,-2.445038544397425,0
2014-10-02,375.85,-9.42,-3.219369429293607,0
2014-10-03,363.75,-12.1,-7.628865979381444,0
2014-10-04,336.0,-27.75,-12.598214285714281,0
2014-10-05,293.67,-42.33,12.779650628256196,1
2014-10-06,331.2,37.53,-0.15096618357487923,0
2014-10-07,330.7,-0.5,4.705170849712731,1
2014-10-08,346.26,15.56,9.437994570553922,1
2014-10-09,378.94,32.68,-5.26996358262521,0
2014-10-10,358.97,-19.97,0.2841463074908716,1
2014-10-11,359.99,1.02,1.3444817911608586,1
2014-10-12,364.83,4.84,4.558287421538798,1
2014-10-13,381.46,16.63,7.977245320610289,1
2014-10-14,411.89,30.43,-4.343392653378326,0
2014-10-15,394.0,-17.89,-4.055837563451782,0
2014-10-16,378.02,-15.98,1.2724194487064182,1
2014-10-17,382.83,4.81,1.7893059582582407,1
2014-10-18,389.68,6.85,-0.1770683637856697,0
2014-10-19,388.99,-0.69,-1.0385871102084938,0
2014-10-20,384.95,-4.04,0.532536693077026,1
2014-10-21,387.0,2.05,-0.4909560723514153,0
2014-10-22,385.1,-1.9,-5.481693066735916,0
2014-10-23,363.99,-21.11,-1.5192725074864775,0
2014-10-24,358.46,-5.53,-2.6697539474418326,0
2014-10-25,348.89,-9.57,1.8745163231964288,1
2014-10-26,355.43,6.54,0.30104380609402503,1
2014-10-27,356.5,1.07,-0.4375876577840119,0
2014-10-28,354.94,-1.56,-3.214627824421036,0
2014-10-29,343.53,-11.41,-1.9008529094984348,0
2014-10-30,337.0,-6.53,1.1721068249258126,1
2014-10-31,340.95,3.95,-3.9771227452705684,0
2014-11-01,327.39,-13.56,-0.29933718195423237,0
2014-11-02,326.41,-0.97999999999996,-0.18381789773598317,0
2014-11-03,325.81,-0.60000000000002,0.8931585893619057,1
2014-11-04,328.72,2.91,4.036870284740807,1
2014-11-05,341.99,13.27,1.7456650779262464,1
2014-11-06,347.96,5.97,-1.6381193240602336,0
2014-11-07,342.26,-5.7,1.0459884298486484,1
2014-11-08,345.84,3.58,3.036086051353227,1
2014-11-09,356.34,10.5,5.480720660043787,1
2014-11-10,375.87,19.53,-2.881315348391727,0
2014-11-11,365.04,-10.83,17.814486083716844,1
2014-11-12,430.07,65.03,-5.466551956658217,0
2014-11-13,406.56,-23.51,-2.4596615505706416,0
2014-11-14,396.56,-10.0,-5.905789792213037,0
2014-11-15,373.14,-23.42,2.8166371871147535,1
2014-11-16,383.65,10.51,-1.3475824319040686,0
2014-11-17,378.48,-5.17,0.37782709786514657,1
2014-11-18,379.91,1.43,-1.3529520149509207,0
2014-11-19,374.77,-5.14,-3.4874723163540287,0
2014-11-20,361.7,-13.07,-1.327066629803708,0
2014-11-21,356.9,-4.8,0.8125525357243021,1
2014-11-22,359.8,2.9,0.8866036687048353,1
2014-11-23,362.99,3.19,5.788038237967985,1
2014-11-24,384.0,21.01,-0.7734375000000071,0
2014-11-25,381.03,-2.97,-2.516862189328918,0
2014-11-26,371.44,-9.59,0.3176825328451451,1
2014-11-27,372.62,1.18,0.9392947238473511,1
2014-11-28,376.12,3.5,0.29245985323833423,1
2014-11-29,377.22,1.1,-0.33402258628918075,0
2014-11-30,375.96,-1.26,1.5320778806256112,1
2014-12-01,381.72,5.76,0.055014146494807584,1
2014-12-02,381.93,0.20999999999998,-0.9635273479433422,0
2014-12-03,378.25,-3.68,-1.7395902181097116,0
2014-12-04,371.67,-6.58,0.6215190895148929,1
2014-12-05,373.98,2.31,0.018717578480130802,1
2014-12-06,374.05,0.069999999999993,0.44913781580002854,1
2014-12-07,375.73,1.68,-2.3208154792004967,0
2014-12-08,367.01,-8.72,-4.5557341761804775,0
2014-12-09,350.29,-16.72,0.19412486796654393,1
2014-12-10,350.97,0.68000000000001,1.4616633900333347,1
2014-12-11,356.1,5.13,-0.2864363942712829,0
2014-12-12,355.08,-1.02,-1.3433592429874908,0
2014-12-13,350.31,-4.77,0.8478205018412179,1
2014-12-14,353.28,2.97,-0.3198596014492741,0
2014-12-15,352.15,-1.13,-4.378815845520363,0
2014-12-16,336.73,-15.42,-5.502925192290568,0
2014-12-17,318.2,-18.53,-0.15713387806411064,0
2014-12-18,317.7,-0.5,-0.02203336480956663,0
2014-12-19,317.63,-0.069999999999993,2.5406920001259308,1
2014-12-20,325.7,8.07,0.3776481424623943,1
2014-12-21,326.93,1.23,1.712904903190275,1
2014-12-22,332.53,5.6,1.3322106276125485,1
2014-12-23,336.96,4.43,-2.780745489078824,0
2014-12-24,327.59,-9.37,-2.5275496810036855,0
2014-12-25,319.31,-8.28,2.7496789953336798,1
2014-12-26,328.09,8.78,-4.157395836508272,0
2014-12-27,314.45,-13.64,0.9699475274288477,1
2014-12-28,317.5,3.05,-0.9480314960629893,0
2014-12-29,314.49,-3.01,-0.4451651880823028,0
2014-12-30,313.09,-1.4,1.376600977354755,1
2014-12-31,317.4,4.31,-0.5356017643352201,0
2015-01-01,315.7,-1.7,0.14254038644282188,1
2015-01-02,316.15,0.44999999999999,-4.371342717064683,0
2015-01-03,302.33,-13.82,-10.386002050739252,0
2015-01-04,270.93,-31.4,2.166611301812278,1
2015-01-05,276.8,5.87,0.0,0
2015-01-06,276.8,0.0,0.0,0
2015-01-07,276.8,0.0,0.0,0
2015-01-08,276.8,0.0,0.0,0
2015-01-09,276.8,0.0,0.43352601156068954,1
2015-01-10,278.0,1.2,-2.068345323741007,0
2015-01-11,272.25,-5.75,-0.8264462809917356,0
2015-01-12,270.0,-2.25,-14.48518518518519,0
2015-01-13,230.89,-39.11,-23.55667200831564,0
2015-01-14,176.5,-54.39,23.575070821529756,1
2015-01-15,218.11,41.61,-5.85025904360186,0
2015-01-16,205.35,-12.76,-4.007791575359138,0
2015-01-17,197.12,-8.23,7.13271103896104,1
2015-01-18,211.18,14.06,0.5729709252770051,1
2015-01-19,212.39,1.21,0.2824991760440806,1
2015-01-20,212.99,0.60000000000002,1.0376073994084132,1
2015-01-21,215.2,2.21,8.689591078066924,1
2015-01-22,233.9,18.7,-0.3719538264215496,0
2015-01-23,233.03,-0.87,4.982191134188725,1
2015-01-24,244.64,11.61,1.0096468279921629,1
2015-01-25,247.11,2.47,9.857957994415447,1
2015-01-26,271.47,24.36,-2.0039046671823972,0
2015-01-27,266.03,-5.4400000000001,-6.307559297823544,0
2015-01-28,249.25,-16.78,-6.443329989969911,0
2015-01-29,233.19,-16.06,-1.320811355546972,0
2015-01-30,230.11,-3.08,-0.1781756551214745,0
2015-01-31,229.7,-0.41000000000003,-3.909447104919456,0
2015-02-01,220.72,-8.98,1.0329829648423348,1
2015-02-02,223.0,2.28,6.0582959641255565,1
2015-02-03,236.51,13.51,-5.898270686228908,0
2015-02-04,222.56,-13.95,-2.3319554277498193,0
2015-02-05,217.37,-5.19,1.4261397616966436,1
2015-02-06,220.47,3.1,2.1272735519571815,1
2015-02-07,225.16,4.69,-0.7372535086160937,0
2015-02-08,223.5,-1.66,-1.3914988814317735,0
2015-02-09,220.39,-3.11,-0.10436045192612631,0
2015-02-10,220.16,-0.22999999999999,0.8312136627907034,1
2015-02-11,221.99,1.83,-0.07207531870804837,0
2015-02-12,221.83,-0.16,8.163909299914343,1
2015-02-13,239.94,18.11,2.2380595148787217,1
2015-02-14,245.31,5.37,-0.5380946557417118,0
2015-02-15,243.99,-1.32,-3.3321037747448647,0
2015-02-16,235.86,-8.13,3.451199864326289,1
2015-02-17,244.0,8.14,-3.741803278688523,0
2015-02-18,234.87,-9.13,2.8611572359177413,1
2015-02-19,241.59,6.72,0.815431102280723,1
2015-02-20,243.56,1.97,0.8622105436032166,1
2015-02-21,245.66,2.1,-3.9322641048603746,0
2015-02-22,236.0,-9.66,0.46186440677966245,1
2015-02-23,237.09,1.09,1.2695600826690248,1
2015-02-24,240.1,3.01,-0.6289046230737155,0
2015-02-25,238.59,-1.51,-0.4568506643195454,0
2015-02-26,237.5,-1.09,6.947368421052632,1
2015-02-27,254.0,16.5,-0.4015748031496103,0
2015-02-28,252.98,-1.02,-2.1424618546920655,0
2015-03-01,247.56,-5.42,6.5640652771045405,1
2015-03-02,263.81,16.25,4.5449376445168905,1
2015-03-03,275.8,11.99,2.121102248005789,1
2015-03-04,281.65,5.85,-5.687910527250128,0
2015-03-05,265.63,-16.02,2.4432481270940816,1
2015-03-06,272.12,6.49,1.363369101866816,1
2015-03-07,275.83,3.71,-0.7105826052278503,0
2015-03-08,273.87,-1.96,4.969511081900176,1
2015-03-09,287.48,13.61,2.2888548768609933,1
2015-03-10,294.06,6.58,-0.2618513228592742,0
2015-03-11,293.29,-0.76999999999998,1.3979337856728717,1
2015-03-12,297.39,4.1,-2.6497192239147234,0
2015-03-13,289.51,-7.88,-1.8306794238541022,0
2015-03-14,284.21,-5.3,-0.22518560219555483,0
2015-03-15,283.57,-0.63999999999999,2.5778467397820655,1
2015-03-16,290.88,7.31,-1.3270077007700818,0
2015-03-17,287.02,-3.86,-7.375792627691436,0
2015-03-18,265.85,-21.17,-1.967274779010727,0
2015-03-19,260.62,-5.23,-0.3146343335123909,0
2015-03-20,259.8,-0.81999999999999,-0.7582755966127895,0
2015-03-21,257.83,-1.97,1.0355660706667247,1
2015-03-22,260.5,2.67,2.1381957773512448,1
2015-03-23,266.07,5.57,-6.85533882061111,0
2015-03-24,247.83,-18.24,-0.867530161804465,0
2015-03-25,245.68,-2.15,2.564311299251051,1
2015-03-26,251.98,6.3,-1.3294705929041966,0
2015-03-27,248.63,-3.35,1.1623697864296403,1
2015-03-28,251.52,2.89,-2.9699427480916025,0
2015-03-29,244.05,-7.47,0.4630198729768471,1
2015-03-30,245.18,1.13,-0.9217717595236231,0
2015-03-31,242.92,-2.26,-0.09056479499423632,0
2015-04-01,242.7,-0.22,4.013185002060161,1
2015-04-02,252.44,9.74,0.7724607827602553,1
2015-04-03,254.39,1.95,-0.243720272023262,0
2015-04-04,253.77,-0.61999999999998,1.2846278125861852,1
2015-04-05,257.03,3.26,-0.9065089678247614,0
2015-04-06,254.7,-2.33,0.3062426383981159,1
2015-04-07,255.48,0.78,-3.7537184906842036,0
2015-04-08,245.89,-9.59,-0.3700841839847072,0
2015-04-09,244.98,-0.91,-3.7839823659074137,0
2015-04-10,235.71,-9.27,0.42000763650247364,1
2015-04-11,236.7,0.98999999999998,0.02534854245880958,1
2015-04-12,236.76,0.060000000000002,-4.548910288900145,0
2015-04-13,225.99,-10.77,-4.420549581839908,0
2015-04-14,216.0,-9.99,1.370370370370374,1
2015-04-15,218.96,2.96,4.868469126781145,1
2015-04-16,229.62,10.66,-3.0267398310251794,0
2015-04-17,222.67,-6.95,-0.15718327569946303,0
2015-04-18,222.32,-0.34999999999999,1.5293270960777283,1
2015-04-19,225.72,3.4,-0.48289916710969494,0
2015-04-20,224.63,-1.09,0.1112941281218003,1
2015-04-21,224.88,0.25,5.540732835289937,1
2015-04-22,237.34,12.46,-0.7836858515210304,0
2015-04-23,235.48,-1.86,-1.9322235434007062,0
2015-04-24,230.93,-4.55,-1.0089637552505142,0
2015-04-25,228.6,-2.33,-4.45319335083115,0
2015-04-26,218.42,-10.18,1.9091658273051992,1
2015-04-27,222.59,4.17,0.03144795363672814,1
2015-04-28,222.66,0.069999999999993,1.3608191862031802,1
2015-04-29,225.69,3.03,4.18272852142319,1
2015-04-30,235.13,9.44,-0.7230042954961037,0
2015-05-01,233.43,-1.7,0.2998757657541827,1
2015-05-02,234.13,0.69999999999999,2.724981847691452,1
2015-05-03,240.51,6.38,-1.8044987734397753,0
2015-05-04,236.17,-4.34,-0.6393699453783254,0
2015-05-05,234.66,-1.51,0.4815477712434993,1
2015-05-06,235.79,1.13,-0.7633911531447403,0
2015-05-07,233.99,-1.8,4.585666054104872,1
2015-05-08,244.72,10.73,-1.487414187643015,0
2015-05-09,241.08,-3.64,-0.7176041148166659,0
2015-05-10,239.35,-1.73,2.022143304783791,1
2015-05-11,244.19,4.84,-1.0975060403783967,0
2015-05-12,241.51,-2.68,0.5010144507473844,1
2015-05-13,242.72,1.21,-1.812788398154254,0
2015-05-14,238.32,-4.4,-0.3021148036253772,0
2015-05-15,237.6,-0.72,-0.4082491582491578,0
2015-05-16,236.63,-0.97,-0.3592105819211403,0
2015-05-17,235.78,-0.84999999999999,0.2841632029858289,1
2015-05-18,236.45,0.66999999999999,-1.8650877563966999,0
2015-05-19,232.04,-4.41,1.1032580589553536,1
2015-05-20,234.6,2.56,0.5967604433077603,1
2015-05-21,236.0,1.4,1.9067796610169492,1
2015-05-22,240.5,4.5,-0.719334719334715,0
2015-05-23,238.77,-1.73,0.7077941114880419,1
2015-05-24,240.46,1.69,-2.0003326956666396,0
2015-05-25,235.65,-4.81,0.1230638659028186,1
2015-05-26,235.94,0.28999999999999,-0.39840637450199107,0
2015-05-27,235.0,-0.94,0.6297872340425489,1
2015-05-28,236.48,1.48,-0.2579499323409951,0
2015-05-29,235.87,-0.60999999999999,-2.013821172679866,0
2015-05-30,231.12,-4.75,0.3591208030460298,1
2015-05-31,231.95,0.82999999999998,-4.117266652295746,0
2015-06-01,222.4,-9.55,1.0926258992805786,1
2015-06-02,224.83,2.43,0.649379531201343,1
2015-06-03,226.29,1.46,-0.33143311679703036,0
2015-06-04,225.54,-0.75,-0.6162986609913924,0
2015-06-05,224.15,-1.39,0.1516841400847662,1
2015-06-06,224.49,0.34,-0.8419083255378924,0
2015-06-07,222.6,-1.89,2.425876010781674,1
2015-06-08,228.0,5.4,0.9210526315789449,1
2015-06-09,230.1,2.1,-0.9083007388092149,0
2015-06-10,228.01,-2.09,0.43419148282970443,1
2015-06-11,229.0,0.99000000000001,0.42794759825327067,1
2015-06-12,229.98,0.97999999999999,0.10435690060005613,1
2015-06-13,230.22,0.24000000000001,0.7948918425853586,1
2015-06-14,232.05,1.83,1.9004524886877812,1
2015-06-15,236.46,4.41,3.759621077560681,1
2015-06-16,245.35,8.89,1.878948441002655,1
2015-06-17,249.96,4.61,-0.6841094575132053,0
2015-06-18,248.25,-1.71,-0.725075528700911,0
2015-06-19,246.45,-1.8,-0.9616555082166671,0
2015-06-20,244.08,-2.37,-0.6596197967879439,0
2015-06-21,242.47,-1.61,1.6001979626345508,1
2015-06-22,246.35,3.88,-0.9864014613355011,0
2015-06-23,243.92,-2.43,-1.3447031813709418,0
2015-06-24,240.64,-3.28,0.5319148936170218,1
2015-06-25,241.92,1.28,-0.3017526455026413,0
2015-06-26,241.19,-0.72999999999999,3.0308055889547667,1
2015-06-27,248.5,7.31,0.10462776659959393,1
2015-06-28,248.76,0.25999999999999,2.0260492040521068,1
2015-06-29,253.8,5.04,3.439716312056722,1
2015-06-30,262.53,8.73,-1.7826534110387195,0
2015-07-01,257.85,-4.6799999999999,-1.082024432809781,0
2015-07-02,255.06,-2.79,0.01568258448992082,1
2015-07-03,255.1,0.039999999999992,1.1054488435907572,1
2015-07-04,257.92,2.82,5.040322580645161,1
2015-07-05,270.92,13.0,0.9043260002952859,1
2015-07-06,273.37,2.45,-2.2350660277279926,0
2015-07-07,267.26,-6.11,0.9054852952181456,1
2015-07-08,269.68,2.42,0.3708098487095817,1
2015-07-09,270.68,1.0,6.021870843800802,1
2015-07-10,286.98,16.3,2.2719353265035824,1
2015-07-11,293.5,6.52,5.383304940374791,1
2015-07-12,309.3,15.8,-6.272227610733926,0
2015-07-13,289.9,-19.4,1.0244912038634106,1
2015-07-14,292.87,2.97,-0.6555809744938081,0
2015-07-15,290.95,-1.92,-5.220828321017357,0
2015-07-16,275.76,-15.19,0.8086742094575059,1
2015-07-17,277.99,2.23,0.032375265297303855,1
2015-07-18,278.08,0.089999999999975,-0.7156214039125465,0
2015-07-19,276.09,-1.99,0.785975587670693,1
2015-07-20,278.26,2.17,0.2551570473657861,1
2015-07-21,278.97,0.71000000000004,-0.5125999211384761,0
2015-07-22,277.54,-1.43,-0.3242775816098703,0
2015-07-23,276.64,-0.90000000000003,3.8533834586466256,1
2015-07-24,287.3,10.66,-0.06265227984685236,0
2015-07-25,287.12,-0.18000000000001,1.8145723042630189,1
2015-07-26,292.33,5.21,-0.5268019019601011,0
2015-07-27,290.79,-1.54,1.530313972282399,1
2015-07-28,295.24,4.45,-1.5377320146321705,0
2015-07-29,290.7,-4.54,-1.080151358789125,0
2015-07-30,287.56,-3.14,-0.9667547642231289,0
2015-07-31,284.78,-2.78,-1.425661914460266,0
2015-08-01,280.72,-4.0599999999999,-0.01068680535766228,0
2015-08-02,280.69,-0.03000000000003,1.3181801987958206,1
2015-08-03,284.39,3.7,0.21449418052674626,1
2015-08-04,285.0,0.61000000000001,-0.8105263157894744,0
2015-08-05,282.69,-2.31,-1.977431108281147,0
2015-08-06,277.1,-5.59,0.8264164561530002,1
2015-08-07,279.39,2.29,-3.4002648627366763,0
2015-08-08,269.89,-9.5,-1.656230316054678,0
2015-08-09,265.42,-4.47,-0.5086278351292377,0
2015-08-10,264.07,-1.35,0.674063695232336,1
2015-08-11,265.85,1.78,0.7673500094037854,1
2015-08-12,267.89,2.04,-0.7167120833177645,0
2015-08-13,265.97,-1.92,0.383501898710374,1
2015-08-14,266.99,1.02,-0.5917824637626817,0
2015-08-15,265.41,-1.58,-2.991597905127914,0
2015-08-16,257.47,-7.94,0.0,0
2015-08-17,257.47,0.0,-0.007767895288786519,0
2015-08-18,257.45,-0.020000000000039,-1.375024276558552,0
2015-08-19,253.91,-3.54,-8.120987751565517,0
2015-08-20,233.29,-20.62,-0.025719062111535976,0
2015-08-21,233.23,-0.060000000000002,0.1543540710886308,1
2015-08-22,233.59,0.36000000000001,-3.232158910912287,0
2015-08-23,226.04,-7.55,1.167934878782523,1
2015-08-24,228.68,2.64,-6.751792898373272,0
2015-08-25,213.24,-15.44,4.117426374038642,1
2015-08-26,222.02,8.78,3.0717953337537125,1
2015-08-27,228.84,6.82,-0.24908232826428647,0
2015-08-28,228.27,-0.56999999999999,2.5846585184211577,1
2015-08-29,234.17,5.9,-2.5408890976640857,0
2015-08-30,228.22,-5.95,-0.7668039610901761,0
2015-08-31,226.47,-1.75,1.9737713604450915,1
2015-09-01,230.94,4.47,-1.1344938079154778,0
2015-09-02,228.32,-2.62,1.033637000700777,1
2015-09-03,230.68,2.36,-1.4132131090688482,0
2015-09-04,227.42,-3.26,1.4862369184768376,1
2015-09-05,230.8,3.38,1.6767764298093484,1
2015-09-06,234.67,3.87,2.356500617888951,1
2015-09-07,240.2,5.53,0.462114904246467,1
2015-09-08,241.31,1.11,0.7334963325183417,1
2015-09-09,243.08,1.77,-1.234161592891229,0
2015-09-10,240.08,-3.0,-0.1666111296234612,0
2015-09-11,239.68,-0.40000000000001,0.10430574098798398,1
2015-09-12,239.93,0.25,-2.0005835035218653,0
2015-09-13,235.13,-4.8,-2.2413133160379286,0
2015-09-14,229.86,-5.27,0.44374836857216643,1
2015-09-15,230.88,1.02,-0.3811503811503792,0
2015-09-16,230.0,-0.88,-0.9304347826086897,0
2015-09-17,227.86,-2.14,2.6946370578425287,1
2015-09-18,234.0,6.14,-0.43162393162392776,0
2015-09-19,232.99,-1.01,-0.9785827717927813,0
2015-09-20,230.71,-2.28,-0.22105673789606836,0
2015-09-21,230.2,-0.51000000000002,-1.5812337098175442,0
2015-09-22,226.56,-3.64,1.2667725988700584,1
2015-09-23,229.43,2.87,0.2266486510046558,1
2015-09-24,229.95,0.51999999999998,1.717764731463369,1
2015-09-25,233.9,3.95,0.8080376229157701,1
2015-09-26,235.79,1.89,-1.2468722168030866,0
2015-09-27,232.85,-2.94,2.6154176508481872,1
2015-09-28,238.94,6.09,-0.5273290365782167,0
2015-09-29,237.68,-1.26,0.09676876472567728,1
2015-09-30,237.91,0.22999999999999,0.4497499054264189,1
2015-10-01,238.98,1.07,-0.502134069796631,0
2015-10-02,237.78,-1.2,0.5845739759441443,1
2015-10-03,239.17,1.39,0.1254337918635328,1
2015-10-04,239.47,0.30000000000001,-0.10439721050653526,0
2015-10-05,239.22,-0.25,3.1142881030014165,1
2015-10-06,246.67,7.45,-0.5756678963797736,0
2015-10-07,245.25,-1.42,-0.5463812436289515,0
2015-10-08,243.91,-1.34,0.35668894264277995,1
2015-10-09,244.78,0.87,0.4126154097556953,1
2015-10-10,245.79,1.01,0.9316896537694863,1
2015-10-11,248.08,2.29,-0.5844888745566015,0
2015-10-12,246.63,-1.45,1.1961237481247282,1
2015-10-13,249.58,2.95,2.0113791169164124,1
2015-10-14,254.6,5.02,0.05106048703848997,1
2015-10-15,254.73,0.13,2.975699760530763,1
2015-10-16,262.31,7.58,2.577103427242572,1
2015-10-17,269.07,6.76,-2.464042814137583,0
2015-10-18,262.44,-6.63,0.0,0
2015-10-19,262.44,0.0,0.6553878981862625,1
2015-10-20,264.16,1.72,2.135069654754689,1
2015-10-21,269.8,5.64,-0.2594514455151922,0
2015-10-22,269.1,-0.69999999999999,1.8023039762170068,1
2015-10-23,273.95,4.85,1.2703048001460187,1
2015-10-24,277.43,3.48,0.8903146739718021,1
2015-10-25,279.9,2.47,5.398356555912831,1
2015-10-26,295.01,15.11,-3.4100538964780864,0
2015-10-27,284.95,-10.06,3.4321810844007827,1
2015-10-28,294.73,9.78,1.4318189529399687,1
2015-10-29,298.95,4.22,3.8166917544740007,1
2015-10-30,310.36,11.41,6.0703698930274435,1
2015-10-31,329.2,18.84,-5.55285540704738,0
2015-11-01,310.92,-18.28,0.1865431622282208,1
2015-11-02,311.5,0.57999999999998,9.370786516853933,1
2015-11-03,340.69,29.19,20.050485778860548,1
2015-11-04,409.0,68.31,6.858190709046457,1
2015-11-05,437.05,28.05,-8.477290927811465,0
2015-11-06,400.0,-37.05,-2.905000000000001,0
2015-11-07,388.38,-11.62,-0.2574797878366548,0
2015-11-08,387.38,-1.0,-1.5153079663379638,0
2015-11-09,381.51,-5.87,-0.7103352467825167,0
2015-11-10,378.8,-2.71,-6.657866948257663,0
2015-11-11,353.58,-25.22,-12.353639911759718,0
2015-11-12,309.9,-43.68,7.002258793159099,1
2015-11-13,331.6,21.7,0.18094089264172675,1
2015-11-14,332.2,0.59999999999997,-0.09030704394943148,0
2015-11-15,331.9,-0.30000000000001,-2.8833986140403716,0
2015-11-16,322.33,-9.57,2.1685849905376506,1
2015-11-17,329.32,6.99,2.0132394024049542,1
2015-11-18,335.95,6.63,-0.44351838071141814,0
2015-11-19,334.46,-1.49,-1.6324822101297554,0
2015-11-20,329.0,-5.46,-2.5471124620060777,0
2015-11-21,320.62,-8.38,1.5407647682614927,1
2015-11-22,325.56,4.94,-0.9921366261211507,0
2015-11-23,322.33,-3.23,0.6701206837712981,1
2015-11-24,324.49,2.16,-1.0447163240777793,0
2015-11-25,321.1,-3.39,1.214574898785418,1
2015-11-26,325.0,3.9,7.076923076923077,1
2015-11-27,348.0,23.0,3.3160919540229945,1
2015-11-28,359.54,11.54,-1.574233743116211,0
2015-11-29,353.88,-5.66,2.85407482762519,1
2015-11-30,363.98,10.1,2.3490301664926516,1
2015-12-01,372.53,8.55,-3.546023139076042,0
2015-12-02,359.32,-13.21,0.46198374707782064,1
2015-12-03,360.98,1.66,0.41830572330876803,1
2015-12-04,362.49,1.51,4.2014952136610715,1
2015-12-05,377.72,15.23,3.2616753150481816,1
2015-12-06,390.04,12.32,0.0,0
2015-12-07,390.04,0.0,1.4203671418315975,1
2015-12-08,395.58,5.54,-0.14914808635420776,0
2015-12-09,394.99,-0.58999999999997,4.81531178004506,1
2015-12-10,414.01,19.02,0.39371029685273196,1
2015-12-11,415.64,1.63,6.892984313348099,1
2015-12-12,444.29,28.65,-4.103175853609133,0
2015-12-13,426.06,-18.23,2.987842087968835,1
2015-12-14,438.79,12.73,1.5519952596914246,1
2015-12-15,445.6,6.81,3.1149012567324945,1
2015-12-16,459.48,13.88,-1.0990685122312203,0
2015-12-17,454.43,-5.05,-0.22885812996501562,0
2015-12-18,453.39,-1.04,1.2263172985729731,1
2015-12-19,458.95,5.56,0.4815339361586309,1
2015-12-20,461.16,2.21,-5.676988463873712,0
2015-12-21,434.98,-26.18,0.8552117338728149,1
2015-12-22,438.7,3.72,-0.620013676772275,0
2015-12-23,435.98,-2.72,1.2431762924904717,1
2015-12-24,441.4,5.42,2.8432260987766225,1
2015-12-25,453.95,12.55,0.22689723537835216,1
2015-12-26,454.98,1.03,-8.130027693524992,0
2015-12-27,417.99,-36.99,0.11244288140863906,1
2015-12-28,418.46,0.46999999999997,1.3191224967738946,1
2015-12-29,423.98,5.52,1.6864003019010276,1
2015-12-30,431.13,7.15,-0.7259991185953182,0
2015-12-31,428.0,-3.13,0.31308411214952686,1
2016-01-01,429.34,1.34,0.69641775748824,1
2016-01-02,432.33,2.99,0.3724007124187574,1
2016-01-03,433.94,1.61,-1.3388947780799194,0
2016-01-04,428.13,-5.81,1.1375049634456835,1
2016-01-05,433.0,4.87,-0.2540415704388043,0
2016-01-06,431.9,-1.1,-0.2662653391988834,0
2016-01-07,430.75,-1.15,5.33023795705165,1
2016-01-08,453.71,22.96,-1.4701020475634126,0
2016-01-09,447.04,-6.67,0.6956871868289094,1
2016-01-10,450.15,3.11,-0.8685993557702918,0
2016-01-11,446.24,-3.91,0.19496235209752702,1
2016-01-12,447.11,0.87,-0.10064637337567682,0
2016-01-13,446.66,-0.44999999999999,-3.8261765100971727,0
2016-01-14,429.57,-17.09,0.5424028679842596,1
2016-01-15,431.9,2.33,-9.326232924288023,0
2016-01-16,391.62,-40.28,-5.418517951075029,0
2016-01-17,370.4,-21.22,4.063174946004323,1
2016-01-18,385.45,15.05,-0.04410429368271265,0
2016-01-19,385.28,-0.17000000000002,-1.7182308970099534,0
2016-01-20,378.66,-6.6199999999999,7.835525273332266,1
2016-01-21,408.33,29.67,-0.08081698626110845,0
2016-01-22,408.0,-0.32999999999998,-5.465686274509806,0
2016-01-23,385.7,-22.3,0.7259528130671536,1
2016-01-24,388.5,2.8,4.1827541827541825,1
2016-01-25,404.75,16.25,-4.363187152563317,0
2016-01-26,387.09,-17.66,1.8161151153478596,1
2016-01-27,394.12,7.03,0.08373084339794583,1
2016-01-28,394.45,0.32999999999998,-3.0447458486500167,0
2016-01-29,382.44,-12.01,-1.3544608304570669,0
2016-01-30,377.26,-5.18,0.2597677993956471,1
2016-01-31,378.24,0.98000000000002,-0.3648477157360394,0
2016-02-01,376.86,-1.38,-1.2896035663111005,0
2016-02-02,372.0,-4.86,0.39784946236559626,1
2016-02-03,373.48,1.48,-1.3655349684052753,0
2016-02-04,368.38,-5.1,4.527933112546829,1
2016-02-05,385.06,16.68,0.37137069547603146,1
2016-02-06,386.49,1.43,-3.4800382933581693,0
2016-02-07,373.04,-13.45,0.18764743727213934,1
2016-02-08,373.74,0.69999999999999,0.5511853159950774,1
2016-02-09,375.8,2.06,-0.8488557743480568,0
2016-02-10,372.61,-3.19,1.7095622769115173,1
2016-02-11,378.98,6.37,-0.5884215525885319,0
2016-02-12,376.75,-2.23,1.2501658925016534,1
2016-02-13,381.46,4.71,1.871755885282872,1
2016-02-14,388.6,7.14,3.546062789500765,1
2016-02-15,402.38,13.78,0.0646155375515659,1
2016-02-16,402.64,0.25999999999999,1.0058613153188982,1
2016-02-17,406.69,4.05,2.7908234773414695,1
2016-02-18,418.04,11.35,0.22246674959334198,1
2016-02-19,418.97,0.93000000000001,-0.22674654509870526,0
2016-02-20,418.02,-0.95000000000005,5.133725659059384,1
2016-02-21,439.48,21.46,-1.0944752889778835,0
2016-02-22,434.67,-4.81,0.8811282122069579,1
2016-02-23,438.5,3.83,-4.903078677309008,0
2016-02-24,417.0,-21.5,1.4628297362110367,1
2016-02-25,423.1,6.1,-0.40179626565824755,0
2016-02-26,421.4,-1.7,0.6976744186046506,1
2016-02-27,424.34,2.94,1.8051562426356285,1
2016-02-28,432.0,7.66,0.3402777777777841,1
2016-02-29,433.47,1.47,0.6251874408840241,1
2016-03-01,436.18,2.71,-0.9881241689210881,0
2016-03-02,431.87,-4.31,-0.43531618311065723,0
2016-03-03,429.99,-1.88,-1.9884183353101261,0
2016-03-04,421.44,-8.55,-1.1769172361427438,0
2016-03-05,416.48,-4.96,-3.7168651555897085,0
2016-03-06,401.0,-15.48,1.9600997506234448,1
2016-03-07,408.86,7.86,0.7533140928435123,1
2016-03-08,411.94,3.08,0.10923920959362739,1
2016-03-09,412.39,0.44999999999999,0.17216712335411538,1
2016-03-10,413.1,0.71000000000004,0.7020091987412194,1
2016-03-11,416.0,2.9,1.254807692307699,1
2016-03-12,421.22,5.22,-2.0844214424766223,0
2016-03-13,412.44,-8.78,0.35156628842982945,1
2016-03-14,413.89,1.45,0.2150329797772322,1
2016-03-15,414.78,0.88999999999999,0.0,0
2016-03-16,414.78,0.0,0.2917209122908618,1
2016-03-17,415.99,1.21,0.6370345440996124,1
2016-03-18,418.64,2.65,-2.3337473724441002,0
2016-03-19,408.87,-9.77,-0.8022109717025043,0
2016-03-20,405.59,-3.28,1.277151803545454,1
2016-03-21,410.77,5.18,-0.06816466635829606,0
2016-03-22,410.49,-0.27999999999997,1.1839508879631693,1
2016-03-23,415.35,4.86,0.5898639701456575,1
2016-03-24,417.8,2.45,-0.31833413116323217,0
2016-03-25,416.47,-1.33,-0.007203400004809363,0
2016-03-26,416.44,-0.03000000000003,-0.17529536067621224,0
2016-03-27,415.71,-0.73000000000002,2.667725096822312,1
2016-03-28,426.8,11.09,-0.8997188378631752,0
2016-03-29,422.96,-3.84,-2.1184036315490777,0
2016-03-30,414.0,-8.96,-0.39855072463767566,0
2016-03-31,412.35,-1.65,1.1131320480174547,1
2016-04-01,416.94,4.59,-0.16549143761692275,0
2016-04-02,416.25,-0.69,0.4372372372372356,1
2016-04-03,418.07,1.82,0.0,0
2016-04-04,418.07,0.0,0.22005884182075153,1
2016-04-05,418.99,0.92000000000002,0.6635003222033874,1
2016-04-06,421.77,2.78,-0.16122531237404436,0
2016-04-07,421.09,-0.68000000000001,-0.18048398204659122,0
2016-04-08,420.33,-0.75999999999999,0.4448885399567018,1
2016-04-09,422.2,1.87,-1.058739933680713,0
2016-04-10,417.73,-4.47,0.9336174083738245,1
2016-04-11,421.63,3.9,-0.22294428764556548,0
2016-04-12,420.69,-0.94,1.2360645606028164,1
2016-04-13,425.89,5.2,-0.30054708962407495,0
2016-04-14,424.61,-1.28,-0.20018369798168265,0
2016-04-15,423.76,-0.85000000000002,1.2577874268453804,1
2016-04-16,429.09,5.33,0.07923745601156677,1
2016-04-17,429.43,0.34000000000003,-0.8662645832848258,0
2016-04-18,425.71,-3.72,0.3687956590166999,1
2016-04-19,427.28,1.57,2.019752855270561,1
2016-04-20,435.91,8.6300000000001,1.4750751301874125,1
2016-04-21,442.34,6.4299999999999,1.9577700411448264,1
2016-04-22,451.0,8.66,-0.8314855875831486,0
2016-04-23,447.25,-3.75,0.9032979318054825,1
2016-04-24,451.29,4.04,1.7970706197788464,1
2016-04-25,459.4,8.11,0.9708315193731033,1
2016-04-26,463.86,4.46,0.8881990255680603,1
2016-04-27,467.98,4.12,-4.4168554211718485,0
2016-04-28,447.31,-20.67,0.601372649840155,1
2016-04-29,450.0,2.69,1.3688888888888944,1
2016-04-30,456.16,6.16,-1.9707997193967048,0
2016-05-01,447.17,-8.99,1.0577632667665455,1
2016-05-02,451.9,4.73,-1.7703031644169065,0
2016-05-03,443.9,-8.0,1.5904482991664795,1
2016-05-04,450.96,7.06,-0.7960794748979899,0
2016-05-05,447.37,-3.59,0.2548226300377733,1
2016-05-06,448.51,1.14,2.7647098169494626,1
2016-05-07,460.91,12.4,-0.40571912086958506,0
2016-05-08,459.04,-1.87,-0.26577204600906834,0
2016-05-09,457.82,-1.22,0.8322047966449702,1
2016-05-10,461.63,3.81,-2.5193336654896767,0
2016-05-11,450.0,-11.63,0.5577777777777757,1
2016-05-12,452.51,2.51,0.4839672051446372,1
2016-05-13,454.7,2.19,0.46624147789751585,1
2016-05-14,456.82,2.12,-0.2561183836084269,0
2016-05-15,455.65,-1.17,0.3138373751783182,1
2016-05-16,457.08,1.43,-0.4813161809748816,0
2016-05-17,454.88,-2.2,-0.43747801618009347,0
2016-05-18,452.89,-1.99,0.002208041687825058,1
2016-05-19,452.9,0.0099999999999909,-2.435416206668133,0
2016-05-20,441.87,-11.03,-0.140312761671986,0
2016-05-21,441.25,-0.62,0.5983002832861158,1
2016-05-22,443.89,2.64,-1.3269053143796856,0
2016-05-23,438.0,-5.89,0.9520547945205515,1
2016-05-24,442.17,4.17,0.7169188321233821,1
2016-05-25,445.34,3.17,0.583823595455163,1
2016-05-26,447.94,2.6,1.0157610394249255,1
2016-05-27,452.49,4.55,3.9337885920130855,1
2016-05-28,470.29,17.8,11.0867762444449,1
2016-05-29,522.43,52.14,-1.9658136018222505,0
2016-05-30,512.16,-10.27,2.5363167760074994,1
2016-05-31,525.15,12.99,1.1425307055127107,1
2016-06-01,531.15,6.0,1.5664125011767016,1
2016-06-02,539.47,8.3200000000001,0.09639090218176762,1
2016-06-03,539.99,0.51999999999998,5.187133095057314,1
2016-06-04,568.0,28.01,1.0105633802816918,1
2016-06-05,573.74,5.74,0.04880259350925031,1
2016-06-06,574.02,0.27999999999997,1.8257203581756765,1
2016-06-07,584.5,10.48,-1.1907613344739156,0
2016-06-08,577.54,-6.96,0.19738892544239126,1
2016-06-09,578.68,1.14,-0.5851010057371806,0
2016-06-10,575.2941375,-3.3858624999999,0.39210159689833607,1
2016-06-11,577.549875,2.2557375,2.9244422397286445,1
2016-06-12,594.4399875,16.8901125,11.844175018592598,1
2016-06-13,664.8465,70.4065125,5.598284716848179,1
2016-06-14,702.0665,37.22,-2.396710283142695,0
2016-06-15,685.24,-16.8265,1.027377269277912,1
2016-06-16,692.28,7.04,10.13318310510198,1
2016-06-17,762.43,70.15,-2.429075456107444,0
2016-06-18,743.91,-18.52,1.4047398206772386,1
2016-06-19,754.36,10.45,0.85502942891987,1
2016-06-20,760.81,6.4499999999999,-4.156096791577384,0
2016-06-21,729.19,-31.62,-8.672636761337923,0
2016-06-22,665.95,-63.24,-11.787671747128162,0
2016-06-23,587.45,-78.5,6.313728827985346,1
2016-06-24,624.54,37.09,5.7738495532712175,1
2016-06-25,660.6,36.06,0.6509234029669928,1
2016-06-26,664.9,4.3,-5.6414498420815145,0
2016-06-27,627.39,-37.51,3.077830376639739,1
2016-06-28,646.7,19.31,-0.05102829751044393,0
2016-06-29,646.37,-0.33000000000004,-1.3026594674876555,0
2016-06-30,637.95,-8.42,5.243357629908289,1
2016-07-01,671.4,33.45,0.5630026809651434,1
2016-07-02,675.18,3.78,3.9293225510234437,1
2016-07-03,701.71,26.53,-6.170640292998542,0
2016-07-04,658.41,-43.3,2.7201895475463744,1
2016-07-05,676.32,17.91,-1.4549325762952494,0
2016-07-06,666.48,-9.84,1.0953066858720373,1
2016-07-07,673.78,7.3,-5.555225741339896,0
2016-07-08,636.35,-37.43,3.645792409837343,1
2016-07-09,659.55,23.2,-1.1659464786596834,0
2016-07-10,651.86,-7.6899999999999,-0.5783450434142272,0
2016-07-11,648.09,-3.77,-0.016972951287631908,0
2016-07-12,647.98,-0.11000000000001,3.824192104694585,1
2016-07-13,672.76,24.78,-2.275700101076156,0
2016-07-14,657.45,-15.31,0.20990189368012707,1
2016-07-15,658.83,1.38,0.8712414431643988,1
2016-07-16,664.57,5.74,-0.36414523676965144,0
2016-07-17,662.15,-2.4200000000001,2.008608321377342,1
2016-07-18,675.45,13.3,-0.3331112591605596,0
2016-07-19,673.2,-2.25,-0.05347593582887903,0
2016-07-20,672.84,-0.36000000000001,-1.070090957731414,0
2016-07-21,665.64,-7.2,-0.11417583077939891,0
2016-07-22,664.88,-0.75999999999999,-2.0003609673926053,0
2016-07-23,651.58,-13.3,0.6537953896681897,1
2016-07-24,655.84,4.26,0.8492925103683728,1
2016-07-25,661.41,5.5699999999999,-1.0160112486959547,0
2016-07-26,654.69,-6.7199999999999,0.056515297316270426,1
2016-07-27,655.06,0.36999999999989,-0.01221262174456191,0
2016-07-28,654.98,-0.079999999999927,0.05190998198418758,1
2016-07-29,655.32,0.34000000000003,0.2380516388939671,1
2016-07-30,656.88,1.5599999999999,-0.32730483497746576,0
2016-07-31,654.73,-2.15,-4.081071586760959,0
2016-08-01,628.01,-26.72,-3.453766659766555,0
2016-08-02,606.32,-21.69,-15.051457975986295,0
2016-08-03,515.06,-91.26,9.70566535937561,1
2016-08-04,565.05,49.99,2.1697194938501005,1
2016-08-05,577.31,12.26,-0.1316450433908976,0
2016-08-06,576.55,-0.75999999999999,2.025843378718249,1
2016-08-07,588.23,11.68,1.0268092412831653,1
2016-08-08,594.27,6.04,-0.26587241489557395,0
2016-08-09,592.69,-1.5799999999999,-0.6613912838077364,0
2016-08-10,588.77,-3.9200000000001,0.5791735312600792,1
2016-08-11,592.18,3.41,-0.49647066770237785,0
2016-08-12,589.24,-2.9399999999999,-0.2528681012830102,0
2016-08-13,587.75,-1.49,-0.22458528285836665,0
2016-08-14,586.43,-1.3200000000001,-2.6362907763927366,0
2016-08-15,570.97,-15.46,-0.14536665674204263,0
2016-08-16,570.14,-0.83000000000004,1.9240888202897581,1
2016-08-17,581.11,10.97,-0.9636729706940205,0
2016-08-18,575.51,-5.6,0.09035464196972803,1
2016-08-19,576.03,0.51999999999998,0.10763328298873402,1
2016-08-20,576.65,0.62,1.1358709789300387,1
2016-08-21,583.2,6.5500000000001,-0.06515775034293474,0
2016-08-22,582.82,-0.38,1.0552143028722378,1
2016-08-23,588.97,6.15,-0.4737083382854945,0
2016-08-24,586.18,-2.7900000000001,-0.5697908492271859,0
2016-08-25,582.84,-3.3399999999999,-0.5112895477317991,0
2016-08-26,579.86,-2.98,0.2086710585313759,1
2016-08-27,581.07,1.21,-1.6400777875299164,0
2016-08-28,571.54,-9.5300000000001,0.8730797494488591,1
2016-08-29,576.53,4.99,-0.2272214802351908,0
2016-08-30,575.22,-1.3099999999999,0.5893397308855718,1
2016-08-31,578.61,3.39,-0.6550180605243539,0
2016-09-01,574.82,-3.79,-0.3496746807696504,0
2016-09-02,572.81,-2.0100000000001,0.5935650564759852,1
2016-09-03,576.21,3.4000000000001,4.28142517484944,1
2016-09-04,600.88,24.67,1.6159632538942945,1
2016-09-05,610.59,9.71,-0.40780228958875986,0
2016-09-06,608.1,-2.49,0.49169544482815475,1
2016-09-07,611.09,2.99,0.5514735963606022,1
2016-09-08,614.46,3.37,2.1661296097386233,1
2016-09-09,627.77,13.31,-0.4300938241712621,0
2016-09-10,625.07,-2.6999999999999,0.11038763658469304,1
2016-09-11,625.76,0.68999999999994,-2.8141779596011274,0
2016-09-12,608.15,-17.61,0.24993833758118586,1
2016-09-13,609.67,1.52,0.2050289500877524,1
2016-09-14,610.92,1.25,0.18987756171022097,1
2016-09-15,612.08,1.1600000000001,-0.27774147170305274,0
2016-09-16,610.38,-1.7,-0.2080671057374065,0
2016-09-17,609.11,-1.27,-0.18223309418660236,0
2016-09-18,608.0,-1.11,0.588815789473691,1
2016-09-19,611.58,3.58,-0.2272801595866422,0
2016-09-20,610.19,-1.39,-0.07374752126387607,0
2016-09-21,609.74,-0.45000000000005,-1.7810870206973486,0
2016-09-22,598.88,-10.86,-0.24378840502271512,0
2016-09-23,597.42,-1.46,1.1382277124970823,1
2016-09-24,604.22,6.8000000000001,-0.05627089470723111,0
2016-09-25,603.88,-0.34000000000003,-0.35437504139895115,0
2016-09-26,601.74,-2.14,1.063582278060288,1
2016-09-27,608.14,6.4,-0.3584700891242066,0
2016-09-28,605.96,-2.1799999999999,-0.04785794441878627,0
2016-09-29,605.67,-0.29000000000008,0.11392342364654921,1
2016-09-30,606.36,0.69000000000005,0.4997031466455526,1
2016-10-01,609.39,3.03,0.8910549894156556,1
2016-10-02,614.82,5.4300000000001,-0.7010181841839984,0
2016-10-03,610.51,-4.3100000000001,0.21948862426496402,1
2016-10-04,611.85,1.34,-0.3644684154613088,0
2016-10-05,609.62,-2.23,0.4478199534136049,1
2016-10-06,612.35,2.73,-0.04409243079937647,0
2016-10-07,612.08,-0.26999999999998,0.8381257351980125,1
2016-10-08,617.21,5.13,0.13447611023799472,1
2016-10-09,618.04,0.82999999999993,-0.3867063620477617,0
2016-10-10,615.65,-2.39,0.306992609437178,1
2016-10-11,617.54,1.89,3.523658386501278,1
2016-10-12,639.3,21.76,-0.6710464570624064,0
2016-10-13,635.01,-4.29,0.14960394324499543,1
2016-10-14,635.96,0.95000000000005,0.5660733379457684,1
2016-10-15,639.56,3.5999999999999,-0.25329914316090607,0
2016-10-16,637.94,-1.6199999999999,0.5455058469448387,1
2016-10-17,641.42,3.4799999999999,-0.5051292444887919,0
2016-10-18,638.18,-3.24,-0.2961546898993993,0
2016-10-19,636.29,-1.89,-1.1064137421615874,0
2016-10-20,629.25,-7.04,0.15415176797775562,1
2016-10-21,630.22,0.97000000000003,0.2697470724508793,1
2016-10-22,631.92,1.6999999999999,3.7283200405114667,1
2016-10-23,655.48,23.56,-0.3783486910355797,0
2016-10-24,653.0,-2.48,-0.2465543644716713,0
2016-10-25,651.39,-1.61,0.6017900182686193,1
2016-10-26,655.31,3.92,2.580458103798215,1
2016-10-27,672.22,16.91,1.4876082234982595,1
2016-10-28,682.22,10.0,0.8003283398317145,1
2016-10-29,687.68,5.4599999999999,3.9567822242903734,1
2016-10-30,714.89,27.21,-2.362601239351507,0
2016-10-31,698.0,-16.89,0.5730659025787965,1
2016-11-01,702.0,4.0,3.7321937321937386,1
2016-11-02,728.2,26.2,0.7044767920900845,1
2016-11-03,733.33,5.13,-6.430938322446931,0
2016-11-04,686.17,-47.16,2.5533031173033063,1
2016-11-05,703.69,17.52,0.15631883357727253,1
2016-11-06,704.79,1.0999999999999,1.0229997587934048,1
2016-11-07,712.0,7.21,-1.1502808988764122,0
2016-11-08,703.81,-8.1900000000001,0.7331524132933721,1
2016-11-09,708.97,5.1600000000001,1.6869543140048129,1
2016-11-10,720.93,11.96,-1.0042583884704335,0
2016-11-11,713.69,-7.2399999999999,0.2466056691280515,1
2016-11-12,715.45,1.76,-1.6409252917744088,0
2016-11-13,703.71,-11.74,-0.25720822497904805,0
2016-11-14,701.9,-1.8100000000001,0.6496651944721554,1
2016-11-15,706.46,4.5600000000001,0.6299011975200197,1
2016-11-16,710.91,4.4499999999999,3.657284325723369,1
2016-11-17,736.91,26.0,0.006785089088228985,1
2016-11-18,736.96,0.050000000000068,1.4329135909682948,1
2016-11-19,747.52,10.56,0.335776969178081,1
2016-11-20,750.03,2.51,-2.795888164473425,0
2016-11-21,729.06,-20.97,1.2989328724659188,1
2016-11-22,738.53,9.47,1.3824759996208735,1
2016-11-23,748.74,10.21,-0.9495953201378333,0
2016-11-24,741.63,-7.11,-0.5636233701441352,0
2016-11-25,737.45,-4.1799999999999,0.31595362397449683,1
2016-11-26,739.78,2.3299999999999,-0.8259212198221112,0
2016-11-27,733.67,-6.11,-0.7782790627938887,0
2016-11-28,727.96,-5.7099999999999,0.6992142425407877,1
2016-11-29,733.05,5.0899999999999,-0.04638155651045879,0
2016-11-30,732.71,-0.33999999999992,1.3620668477296636,1
2016-12-01,742.69,9.98,1.2858662429815877,1
2016-12-02,752.24,9.55,2.683983834946286,1
2016-12-03,772.43,20.19,-1.0486387115984503,0
2016-12-04,764.33,-8.0999999999999,0.06280009943347827,1
2016-12-05,764.81,0.4799999999999,-1.331049541716237,0
2016-12-06,754.63,-10.18,0.26370539204643456,1
2016-12-07,756.62,1.99,1.2542623774153483,1
2016-12-08,766.11,9.49,0.47121170589080075,1
2016-12-09,769.72,3.61,0.03897521176531135,1
2016-12-10,770.02,0.29999999999995,0.4389496376717482,1
2016-12-11,773.4,3.38,-0.6594259115593513,0
2016-12-12,768.3,-5.1,1.1323701679031688,1
2016-12-13,777.0,8.7,0.19176319176319293,1
2016-12-14,778.49,1.49,-0.46243368572493193,0
2016-12-15,774.89,-3.6,0.24003406935178073,1
2016-12-16,776.75,1.86,0.6192468619246791,1
2016-12-17,781.56,4.8099999999999,0.9135575003838605,1
2016-12-18,788.7,7.1400000000001,-0.03803727653100903,0
2016-12-19,788.4,-0.30000000000007,0.14205986808726592,1
2016-12-20,789.52,1.12,0.4521734724896203,1
2016-12-21,793.09,3.5700000000001,3.9238926225270783,1
2016-12-22,824.21,31.12,4.413923635966561,1
2016-12-23,860.59,36.38,4.731637597462196,1
2016-12-24,901.31,40.72,-1.07621129245209,0
2016-12-25,891.61,-9.6999999999999,-0.5282578705936493,0
2016-12-26,886.9,-4.71,1.1760063141278683,1
2016-12-27,897.33,10.43,3.6820344800686438,1
2016-12-28,930.37,33.04,3.9887356643056004,1
2016-12-29,967.48,37.11,-0.423781370157525,0
2016-12-30,963.38,-4.1,-1.1656874753472168,0
2016-12-31,952.15,-11.23,0.8107966181799116,1
2017-01-01,959.87,7.72,3.9432423140633652,1
2017-01-02,997.72,37.85,1.8291705087599728,1
2017-01-03,1015.97,18.25,0.7057294998868037,1
2017-01-04,1023.14,7.17,10.127646265418223,1
2017-01-05,1126.76,103.62,-11.722993361496684,0
2017-01-06,994.67,-132.09,-11.217790825097765,0
2017-01-07,883.09,-111.58,1.5559003046122148,1
2017-01-08,896.83,13.74,1.2611085713011323,1
2017-01-09,908.14,11.31,-1.537207919483784,0
2017-01-10,894.18,-13.96,1.3274732156836437,1
2017-01-11,906.05,11.87,-13.335908614314876,0
2017-01-12,785.22,-120.83,2.3114541147703798,1
2017-01-13,803.37,18.15,2.8529818141080647,1
2017-01-14,826.29,22.92,-1.0141717798835754,0
2017-01-15,817.91,-8.38,0.5245075864092721,1
2017-01-16,822.2,4.2900000000001,1.0094867428849372,1
2017-01-17,830.5,8.3,8.830824804334743,1
2017-01-18,903.84,73.34,-3.1919366259514983,0
2017-01-19,874.99,-28.85,2.3771700248002783,1
2017-01-20,895.79,20.8,-0.24224427600218346,0
2017-01-21,893.62,-2.17,3.001275710033353,1
2017-01-22,920.44,26.82,-0.19990439355091388,0
2017-01-23,918.6,-1.84,0.37774874809493003,1
2017-01-24,922.07,3.47,-3.443339442775494,0
2017-01-25,890.32,-31.75,0.305508131907619,1
2017-01-26,893.04,2.7199999999999,2.5653946071844578,1
2017-01-27,915.95,22.91,0.3624652000654988,1
2017-01-28,919.27,3.3199999999999,0.11313324703296786,1
2017-01-29,920.31,1.04,-0.4759265899533848,0
2017-01-30,915.93,-4.38,0.5720961208826012,1
2017-01-31,921.17,5.24,4.725512120455518,1
2017-02-01,964.7,43.53,1.5548875298020108,1
2017-02-02,979.7,15.0,2.848831274880062,1
2017-02-03,1007.61,27.91,0.5369140838221106,1
2017-02-04,1013.02,5.41,1.7739037728771423,1
2017-02-05,1030.99,17.97,-1.567425484243297,0
2017-02-06,1014.83,-16.16,0.9045850043849659,1
2017-02-07,1024.01,9.1799999999999,2.548803234343406,1
2017-02-08,1050.11,26.1,0.21521554884726277,1
2017-02-09,1052.37,2.26,-7.2474509915713945,0
2017-02-10,976.1,-76.27,2.3563159512345044,1
2017-02-11,999.1,23.0,0.9748773896506865,1
2017-02-12,1008.84,9.74,-0.816779667737204,0
2017-02-13,1000.6,-8.24,-0.07295622626424327,0
2017-02-14,999.87,-0.73000000000002,1.1911548501305138,1
2017-02-15,1011.78,11.91,0.05337128624800622,1
2017-02-16,1012.32,0.54000000000008,2.2601548917338383,1
2017-02-17,1035.2,22.88,1.963871715610503,1
2017-02-18,1055.53,20.33,0.10421304936857659,1
2017-02-19,1056.63,1.1000000000001,-0.36531236099676584,0
2017-02-20,1052.77,-3.8600000000001,3.037700542378679,1
2017-02-21,1084.75,31.98,3.598064070062224,1
2017-02-22,1123.78,39.03,-0.04983181761554267,0
2017-02-23,1123.22,-0.55999999999995,4.343761685155176,1
2017-02-24,1172.01,48.79,0.2431719865871374,1
2017-02-25,1174.86,2.8499999999999,-2.064926884905435,0
2017-02-26,1150.6,-24.26,2.1241091604380373,1
2017-02-27,1175.04,24.44,1.3369757625272363,1
2017-02-28,1190.75,15.71,-0.2678983833718291,0
2017-03-01,1187.56,-3.1900000000001,2.941325069891211,1
2017-03-02,1222.49,34.93,3.020065603808626,1
2017-03-03,1259.41,36.92,2.0430201443533096,1
2017-03-04,1285.14,25.73,-1.4099631168588727,0
2017-03-05,1267.02,-18.12,0.3085981278906475,1
2017-03-06,1270.93,3.9100000000001,0.3351876185155745,1
2017-03-07,1275.19,4.26,-2.8819234780699348,0
2017-03-08,1238.44,-36.75,-6.544523755692642,0
2017-03-09,1157.39,-81.05,3.0300935726073264,1
2017-03-10,1192.46,35.07,-7.870284957147422,0
2017-03-11,1098.61,-93.85,7.331082003622778,1
2017-03-12,1179.15,80.54,4.099563244710166,1
2017-03-13,1227.49,48.34,1.0036741643516391,1
2017-03-14,1239.81,12.32,0.4484558117776067,1
2017-03-15,1245.37,5.5599999999999,0.9651750082305026,1
2017-03-16,1257.39,12.02,-6.080054716515961,0
2017-03-17,1180.94,-76.45,-7.6015716293799835,0
2017-03-18,1091.17,-89.77,-12.733121328482275,0
2017-03-19,952.23,-138.94,8.146141163374388,1
2017-03-20,1029.8,77.57,1.8722081957661656,1
2017-03-21,1049.08,19.28,6.629618332253039,1
2017-03-22,1118.63,69.55,-8.03751016868849,0
2017-03-23,1028.72,-89.91,0.9779143012675894,1
2017-03-24,1038.78,10.06,-9.325362444405938,0
2017-03-25,941.91,-96.87,1.8504952702487567,1
2017-03-26,959.34,17.43,-0.2668501261283861,0
2017-03-27,956.78,-2.5600000000001,8.407366374715197,1
2017-03-28,1037.22,80.44,0.8580628989028233,1
2017-03-29,1046.12,8.8999999999999,-0.5305318701487358,0
2017-03-30,1040.57,-5.55,-0.2565901380973741,0
2017-03-31,1037.9,-2.6699999999998,4.0119472010790895,1
2017-04-01,1079.54,41.64,0.6836245067343599,1
2017-04-02,1086.92,7.3800000000001,1.1261178375593428,1
2017-04-03,1099.16,12.24,3.8802358164416337,1
2017-04-04,1141.81,42.65,-0.018391851533971184,0
2017-04-05,1141.6,-0.21000000000004,-0.7471969166082668,0
2017-04-06,1133.07,-8.53,5.580414272728077,1
2017-04-07,1196.3,63.23,-0.48900777396973244,0
2017-04-08,1190.45,-5.8499999999999,-0.7820572052585111,0
2017-04-09,1181.14,-9.3099999999999,2.3418053744687213,1
2017-04-10,1208.8,27.66,-0.08769027134347662,0
2017-04-11,1207.74,-1.0599999999999,1.5624223756768751,1
2017-04-12,1226.61,18.87,-0.6269311354056977,0
2017-04-13,1218.92,-7.6899999999998,-3.1913497194237594,0
2017-04-14,1180.02,-38.9,0.44406027016491323,1
2017-04-15,1185.26,5.24,-0.032060476182431005,0
2017-04-16,1184.88,-0.37999999999988,0.17216933360339978,1
2017-04-17,1186.92,2.04,1.576348869342503,1
2017-04-18,1205.63,18.71,0.8750611713378029,1
2017-04-19,1216.18,10.55,0.1438931737078393,1
2017-04-20,1217.93,1.75,1.950029968881627,1
2017-04-21,1241.68,23.75,1.3433412795567163,1
2017-04-22,1258.36,16.68,0.23443211799485408,1
2017-04-23,1261.31,2.95,-0.26401122642331604,0
2017-04-24,1257.98,-3.3299999999999,0.39110319718915026,1
2017-04-25,1262.9,4.9200000000001,1.3073085755008307,1
2017-04-26,1279.41,16.51,2.320600901978242,1
2017-04-27,1309.1,29.69,2.769077992513941,1
2017-04-28,1345.35,36.25,-1.0450812056342176,0
2017-04-29,1331.29,-14.06,0.2764236191964233,1
2017-04-30,1334.97,3.6800000000001,1.3505921481381584,1
2017-05-01,1353.0,18.03,4.742793791574285,1
2017-05-02,1417.17,64.17,2.462654445126545,1
2017-05-03,1452.07,34.9,3.8221297871314746,1
2017-05-04,1507.57,55.5,0.0477589763659417,1
2017-05-05,1508.29,0.72000000000003,1.6601581923900552,1
2017-05-06,1533.33,25.04,1.7660907958495664,1
2017-05-07,1560.41,27.08,-1.5733044520350536,0
2017-05-08,1535.86,-24.55,6.820283098719936,1
2017-05-09,1640.61,104.75,4.917073527529399,1
2017-05-10,1721.28,80.67,2.416806097787701,1
2017-05-11,1762.88,41.6,3.2963105826828767,1
2017-05-12,1820.99,58.11,-5.5200742453280895,0
2017-05-13,1720.47,-100.52,2.9904619086644955,1
2017-05-14,1771.92,51.45,0.24775384893222452,1
2017-05-15,1776.31,4.3899999999999,-2.994409759557738,0
2017-05-16,1723.12,-53.19,0.9233251311574402,1
2017-05-17,1739.03,15.91,3.9361023099084,1
2017-05-18,1807.48,68.45,5.067829242923844,1
2017-05-19,1899.08,91.6,3.2879078290540713,1
2017-05-20,1961.52,62.44,4.658632081243123,1
2017-05-21,2052.9,91.38,-0.3102927565882468,0
2017-05-22,2046.53,-6.3700000000001,2.156332914738601,1
2017-05-23,2090.66,44.13,9.425253269302527,1
2017-05-24,2287.71,197.05,3.9987585839114232,1
2017-05-25,2379.19,91.48,0.3366692025437129,1
2017-05-26,2387.2,8.0099999999998,-7.340398793565684,0
2017-05-27,2211.97,-175.23,-8.947680122243966,0
2017-05-28,2014.05,-197.92,8.884089272858175,1
2017-05-29,2192.98,178.93,3.7825242364271365,1
2017-05-30,2275.93,82.95,-1.6138457685429701,0
2017-05-31,2239.2,-36.73,2.086906037870669,1
2017-06-01,2285.93,46.73,4.956844697781645,1
2017-06-02,2399.24,113.31,1.9547856821326792,1
2017-06-03,2446.14,46.9,3.2549240844759644,1
2017-06-04,2525.76,79.62,-0.37968769796022367,0
2017-06-05,2516.17,-9.5900000000001,7.238779573717191,1
2017-06-06,2698.31,182.14,6.856143289688731,1
2017-06-07,2883.31,185.0,-7.574280947938302,0
2017-06-08,2664.92,-218.39,4.805772781171656,1
2017-06-09,2792.99,128.07,1.23523535709043,1
2017-06-10,2827.49,34.5,0.6323629791794174,1
2017-06-11,2845.37,17.88,4.092613614398137,1
2017-06-12,2961.82,116.45,-10.269023775921564,0
2017-06-13,2657.67,-304.15,3.405614692569046,1
2017-06-14,2748.18,90.51,-10.957797524179634,0
2017-06-15,2447.04,-301.14,-0.18634758728913076,0
2017-06-16,2442.48,-4.5599999999999,0.9199665913333906,1
2017-06-17,2464.95,22.47,8.153106553885486,1
2017-06-18,2665.92,200.97,-5.946915136238145,0
2017-06-19,2507.38,-158.54,4.380269444599539,1
2017-06-20,2617.21,109.83,5.2636204202184675,1
2017-06-21,2754.97,137.76,-3.0464941542013104,0
2017-06-22,2671.04,-83.93,2.1055469030789595,1
2017-06-23,2727.28,56.24,-0.6185650171599668,0
2017-06-24,2710.41,-16.87,-4.4734929401824814,0
2017-06-25,2589.16,-121.25,-2.9662129802715835,0
2017-06-26,2512.36,-76.8,-3.021461892403967,0
2017-06-27,2436.45,-75.91,3.34297851382135,1
2017-06-28,2517.9,81.45,2.6784224949362585,1
2017-06-29,2585.34,67.44,-1.5831573410073836,0
2017-06-30,2544.41,-40.93,-2.6241839955038686,0
2017-07-01,2477.64,-66.77,-1.7585282769086594,0
2017-07-02,2434.07,-43.57,2.7575213531245972,1
2017-07-03,2501.19,67.12,2.4000575725954345,1
2017-07-04,2561.22,60.03,1.50318988606992,1
2017-07-05,2599.72,38.5,0.748542150693153,1
2017-07-06,2619.18,19.46,-0.35201857069769166,0
2017-07-07,2609.96,-9.2199999999998,-4.550261306686701,0
2017-07-08,2491.2,-118.76,2.8472222222222343,1
2017-07-09,2562.13,70.93,-1.0108776681901421,0
2017-07-10,2536.23,-25.9,-6.7052278381692485,0
2017-07-11,2366.17,-170.06,0.15594822011943582,1
2017-07-12,2369.86,3.6900000000001,0.670081776982592,1
2017-07-13,2385.74,15.88,-1.2977105635986983,0
2017-07-14,2354.78,-30.96,-6.957762508599535,0
2017-07-15,2190.94,-163.84,-6.022529142742397,0
2017-07-16,2058.99,-131.95,-6.205955347039071,0
2017-07-17,1931.21,-127.78,12.707577114865801,1
2017-07-18,2176.62,245.41,6.592790657073812,1
2017-07-19,2320.12,143.5,-2.3860834784407565,0
2017-07-20,2264.76,-55.36,27.968526466380524,1
2017-07-21,2898.18,633.42,-7.452608188587313,0
2017-07-22,2682.19,-215.99,4.675656832662856,1
2017-07-23,2807.6,125.41,-2.9227810229377384,0
2017-07-24,2725.54,-82.06,0.964212596402922,1
2017-07-25,2751.82,26.28,-6.934683227827414,0
2017-07-26,2560.99,-190.83,-2.575956954146631,0
2017-07-27,2495.02,-65.97,6.116183437407312,1
2017-07-28,2647.62,152.6,5.061526956285276,1
2017-07-29,2781.63,134.01,-2.1253725333707174,0
2017-07-30,2722.51,-59.12,0.8609702076392592,1
2017-07-31,2745.95,23.44,4.38755257743222,1
2017-08-01,2866.43,120.48,-5.443007504107897,0
2017-08-02,2710.41,-156.02,-0.6190945281341106,0
2017-08-03,2693.63,-16.78,3.7302821842643574,1
2017-08-04,2794.11,100.48,2.85386044214436,1
2017-08-05,2873.85,79.74,11.97905249056145,1
2017-08-06,3218.11,344.26,1.0705041157698094,1
2017-08-07,3252.56,34.45,4.7550237351501545,1
2017-08-08,3407.22,154.66,1.4718744313545968,1
2017-08-09,3457.37,50.15,-2.8938181334366795,0
2017-08-10,3357.32,-100.05,1.9980222320183934,1
2017-08-11,3424.4,67.08,6.0769769886695455,1
2017-08-12,3632.5,208.1,6.064693737095669,1
2017-08-13,3852.8,220.3,7.07900747508305,1
2017-08-14,4125.54,272.74,3.816470086340208,1
2017-08-15,4282.99,157.45,-1.540279104083814,0
2017-08-16,4217.02,-65.969999999999,3.4111766128687897,1
2017-08-17,4360.87,143.85,-0.7372382116412467,0
2017-08-18,4328.72,-32.15,-4.580568851762199,0
2017-08-19,4130.44,-198.28,2.232691916599691,1
2017-08-20,4222.66,92.22,-1.532446372665572,0
2017-08-21,4157.95,-64.71,-2.7472672831563636,0
2017-08-22,4043.72,-114.23,0.9511044285954526,1
2017-08-23,4082.18,38.46,2.272315282520608,1
2017-08-24,4174.94,92.76,3.9610150085989457,1
2017-08-25,4340.31,165.37,0.523925710375521,1
2017-08-26,4363.05,22.74,-0.05821615612931237,0
2017-08-27,4360.51,-2.54,-0.14241453407973004,0
2017-08-28,4354.3,-6.21,0.8582320924143925,1
2017-08-29,4391.67,37.37,4.92546115714522,1
2017-08-30,4607.98,216.31,-0.28211928003159736,0
2017-08-31,4594.98,-13.0,3.33559667289086,1
2017-09-01,4748.25,153.27,3.4431632706786663,1
2017-09-02,4911.74,163.49,-6.746285430417728,0
2017-09-03,4580.38,-331.36,1.4795715639313665,1
2017-09-04,4648.15,67.77,-6.541527274291912,0
2017-09-05,4344.09,-304.06,3.3293509112380293,1
2017-09-06,4488.72,144.63,3.410771890427548,1
2017-09-07,4641.82,153.1,0.27640020509196667,1
2017-09-08,4654.65,12.83,-7.388310614117058,0
2017-09-09,4310.75,-343.9,1.5032186974424446,1
2017-09-10,4375.55,64.8,-1.042154700551939,0
2017-09-11,4329.95,-45.6,-1.8905530086952431,0
2017-09-12,4248.09,-81.86,-0.684072135948165,0
2017-09-13,4219.03,-29.06,-6.109461179465417,0
2017-09-14,3961.27,-257.76,-16.198087986933487,0
2017-09-15,3319.62,-641.65,13.695543465818385,1
2017-09-16,3774.26,454.64,-0.28190956637858355,0
2017-09-17,3763.62,-10.64,-0.4665720768834246,0
2017-09-18,3746.06,-17.56,9.269739406202785,1
2017-09-19,4093.31,347.25,-3.6620729922727597,0
2017-09-20,3943.41,-149.9,0.8660017598981615,1
2017-09-21,3977.56,34.15,-8.011695612385484,0
2017-09-22,3658.89,-318.67,-0.5846035272992595,0
2017-09-23,3637.5,-21.39,3.8180068728522367,1
2017-09-24,3776.38,138.88,-1.9420715076342991,0
2017-09-25,3703.04,-73.34,6.467929052886284,1
2017-09-26,3942.55,239.51,-0.8179985035066137,0
2017-09-27,3910.3,-32.25,7.47385111116794,1
2017-09-28,4202.55,292.25,-0.013563193775222625,0
2017-09-29,4201.98,-0.57000000000062,-0.2001437417598336,0
2017-09-30,4193.57,-8.4099999999999,3.3811287280288624,1
2017-10-01,4335.36,141.79,0.5849571892530397,1
2017-10-02,4360.72,25.360000000001,0.5999009337907468,1
2017-10-03,4386.88,26.16,-2.133178933547303,0
2017-10-04,4293.3,-93.58,-1.586891202571451,0
2017-10-05,4225.17,-68.13,2.6905426290539856,1
2017-10-06,4338.85,113.68,0.15557117669428533,1
2017-10-07,4345.6,6.75,0.7039304123711164,1
2017-10-08,4376.19,30.589999999999,5.166366176971296,1
2017-10-09,4602.28,226.09,3.8172384122652314,1
2017-10-10,4777.96,175.68,0.0902058619159725,1
2017-10-11,4782.27,4.3100000000004,0.7780823751063642,1
2017-10-12,4819.48,37.209999999999,10.491795795397026,1
2017-10-13,5325.13,505.65,4.481956309047855,1
2017-10-14,5563.8,238.67,3.156655523203568,1
2017-10-15,5739.43,175.63,-1.6050374340309035,0
2017-10-16,5647.31,-92.12,1.1313350958243733,1
2017-10-17,5711.2,63.889999999999,-1.8820913293178279,0
2017-10-18,5603.71,-107.49,-1.0268197319275973,0
2017-10-19,5546.17,-57.54,3.2718073914070436,1
2017-10-20,5727.63,181.46,4.3965828798298725,1
2017-10-21,5979.45,251.82,0.6843438777814025,1
2017-10-22,6020.37,40.92,-0.6177361192086135,0
2017-10-23,5983.18,-37.19,-1.7901851523771737,0
2017-10-24,5876.07,-107.11,-6.300980076820052,0
2017-10-25,5505.82,-370.25,2.97503369162087,1
2017-10-26,5669.62,163.8,3.942239515170333,1
2017-10-27,5893.13,223.51,-2.0469597650145186,0
2017-10-28,5772.5,-120.63,0.07258553486357038,1
2017-10-29,5776.69,4.1899999999996,6.556349743538267,1
2017-10-30,6155.43,378.74,-0.8051427763779362,0
2017-10-31,6105.87,-49.56,4.6311172691197235,1
2017-11-01,6388.64,282.77,4.330499135966337,1
2017-11-02,6665.3,276.66,6.042038617916677,1
2017-11-03,7068.02,402.72,1.835025933712692,1
2017-11-04,7197.72,129.7,3.3318884313365857,1
2017-11-05,7437.54,239.82,-0.8138443625177108,0
2017-11-06,7377.01,-60.53,-5.258770152134815,0
2017-11-07,6989.07,-387.94,1.4744450978456387,1
2017-11-08,7092.12,103.05,4.564925579375419,1
2017-11-09,7415.87,323.75,-3.476867852322117,0
2017-11-10,7158.03,-257.84,-6.127943023429623,0
2017-11-11,6719.39,-438.64,-5.306136420121469,0
2017-11-12,6362.85,-356.54,-10.161327078274674,0
2017-11-13,5716.3,-646.55,14.58845756870703,1
2017-11-14,6550.22,833.92,1.3005670038563528,1
2017-11-15,6635.41,85.19,10.037209456536978,1
2017-11-16,7301.42,666.01,7.034385092214935,1
2017-11-17,7815.03,513.61,-0.36020335174656576,0
2017-11-18,7786.88,-28.15,0.38860236705843954,1
2017-11-19,7817.14,30.26,2.437080569108386,1
2017-11-20,8007.65,190.51,3.096289173477868,1
2017-11-21,8255.59,247.94,-2.3716051790362647,0
2017-11-22,8059.8,-195.79,2.583562867564958,1
2017-11-23,8268.03,208.23,-1.4403672942647892,0
2017-11-24,8148.94,-119.09,1.2520646857137216,1
2017-11-25,8250.97,102.03,5.53183443885992,1
2017-11-26,8707.4,456.43,6.623561568321196,1
2017-11-27,9284.14,576.74,4.676254343428702,1
2017-11-28,9718.29,434.15,2.4099918812877483,1
2017-11-29,9952.5,234.21,-0.7352926400401938,0
2017-11-30,9879.32,-73.18,2.7132434216120247,1
2017-12-01,10147.37,268.05,,0
